Vehicle,Engine,Body,Drive,M,2a,CoG,c_D,A_F,E_b,h,A,C,D,FC US06,FC WLTC,E_f
Audi e-tron Sportback,electric,SUV,all wheel drive,2609.97049698,2.921,0.52,0.35,2.6,95.0,0.19,3840.57158630607,0.4180312500000001,1957.477872735,0.9332559844394716,0.6236225024550227,0.0
BMW i3,electric,Hatchback,rear wheel drive,1348.07652364,2.57048,0.54,0.3,2.1,42.0,0.21000000000000002,1892.264501561731,0.5787699971022525,1947.4033674955144,0.6189067938287612,0.3791329271134316,0.0
Chevrolet Bolt EV,electric,Hatchback,front wheel drive,1616.14961431,2.60096,0.54,0.3,2.1,66.0,0.21000000000000002,2488.377738389784,0.5788447351581989,2512.4526486196132,0.7790028194314252,0.4792325913948526,0.0
Hyundai Ioniq Electric,electric,Hatchback,front wheel drive,1582.13018656,2.70002,0.54,0.3,2.1,38.0,0.21000000000000002,2431.86330181738,0.5788454283385067,2456.2655033703036,0.7635600969323284,0.46963653563370317,0.0
Hyundai Kona Electric,electric,SUV,front wheel drive,1710.0432349,2.60096,0.52,0.35,2.6,64.0,0.19,2630.40563624496,0.8361065050796597,2658.258954301442,0.8539506054234998,0.5162300970045703,0.0
Jaguar I-PACE,electric,Hatchback,all wheel drive,2169.98589808,2.98958,0.54,0.3,2.1,90.0,0.21000000000000002,3193.13424902472,0.28940625000000003,1627.48942356,0.7703731797657618,0.5201046823198506,0.0
Kia Niro EV,electric,SUV,front wheel drive,1748.14499398,2.70002,0.52,0.35,2.6,64.0,0.19,2684.5490202763626,0.8361055459034218,2713.831491397988,0.8689224220887862,0.5254944411676931,0.0
MINI Hardtop 2 Door,electric,Hatchback,front wheel drive,1430.17674261,2.49428,0.54,0.3,2.1,32.0,0.21000000000000002,2206.4095880918358,0.578848927191032,2226.896610229689,0.7014240081685652,0.43114249816122024,0.0
Nissan LEAF,electric,Hatchback,front wheel drive,1604.80980506,2.70002,0.54,0.3,2.1,40.0,0.21000000000000002,2466.723727588844,0.5788449629526614,2491.4694424199297,0.7731412010930527,0.47557796515042794,0.0
Porsche Taycan,electric,Sedan,all wheel drive,2246.64300861,2.90068,0.55,0.27,2.2,79.0,0.22000000000000003,3305.935187169615,0.27286875000000005,1684.9822564575,0.7933514714114825,0.5362184691307575,0.0
Tesla Model S,electric,Sedan,all wheel drive,2241.19990017,2.9591,0.55,0.27,2.2,75.0,0.22000000000000003,3297.925653100155,0.27286875000000005,1680.8999251275,0.7915570595492671,0.5350163531047002,0.0
Tesla Model X,electric,SUV,all wheel drive,2508.81939847,2.96418,0.52,0.35,2.6,75.0,0.19,3691.727744848605,0.4180312500000001,1881.6145488525,0.89990983066662,0.6012831796374376,0.0
FIAT 500e,electric,Hatchback,front wheel drive,1351.7052626,2.30124,0.54,0.3,2.1,24.0,0.21000000000000002,2093.852481441797,0.578851042104179,2111.551878662859,0.6703181810990306,0.4118905902098713,0.0
Honda Clarity,electric,Sedan,front wheel drive,1825.25569688,2.7508199999999996,0.55,0.27,2.2,25.0,0.22000000000000003,2804.5367643232885,0.5457644110281523,2831.869135726541,0.8613248120179039,0.5314907870235966,0.0
Kia Soul EV,electric,Wagon,front wheel drive,1491.86530493,2.57048,0.56,0.29,2.2,30.0,0.23000000000000004,2300.529504316449,0.5861978643078021,2320.4126047342706,0.7281556794532867,0.447484183923824,0.0
smart EQ fortwo,electric,Hatchback,rear wheel drive,1071.83877031,1.87198,0.54,0.3,2.1,17.0,0.21000000000000002,1479.0785303639407,0.5787590443871784,1527.4537453461553,0.5050702333318945,0.30860131666357393,0.0
Volkswagen e-Golf,electric,Hatchback,front wheel drive,1568.97600783,2.6289,0.54,0.3,2.1,35.0,0.21000000000000002,2414.555488406484,0.5788457044275312,2438.17808305703,0.7587413212661079,0.4666619042791698,0.0
Ford Focus,electric,Hatchback,front wheel drive,1651.0762268,2.6492199999999997,0.54,0.3,2.1,33.0,0.21000000000000002,2540.009713317218,0.5788440532130404,2565.022991520037,0.7932370876071324,0.4880499549672642,0.0
Tesla Model 3,electric,Sedan,rear wheel drive,1725.9189678500002,2.87528,0.55,0.27,2.2,80.0,0.22000000000000003,2433.5547864344258,0.545706198364013,2503.0689130285414,0.7640110200575589,0.4701243642006072,0.0
Mercedes-Benz B-Class Electric Drive,electric,Hatchback,front wheel drive,1779.89645988,2.69748,0.54,0.3,2.1,28.0,0.21000000000000002,2735.961031906547,0.578841769397411,2763.335721808708,0.8471364913748373,0.5214644100006939,0.0
Mitsubishi i-MiEV,electric,Hatchback,rear wheel drive,1169.81472223,2.55016,0.54,0.3,2.1,16.0,0.21000000000000002,1641.4396149994343,0.5787635210008307,1689.3413992743608,0.5494841595883565,0.33618926755216044,0.0
Chevrolet Spark EV,electric,Hatchback,front wheel drive,1299.99573242,2.3749,0.54,0.3,2.1,18.0,0.21000000000000002,2010.4660093092205,0.5788525753174625,2028.1603569946944,0.6474831037026347,0.3977118802107207,0.0
smart fortwo,electric,Hatchback,rear wheel drive,949.82242278,1.8669,0.54,0.3,2.1,17.0,0.21000000000000002,1310.4808158409753,0.5787521782554663,1353.3245488489063,0.45833811765584076,0.27970849070173526,0.0
Audi A8,plug-in hybrid,Sedan,all wheel drive,2419.91529395,3.12674,0.55,0.27,2.2,12.0,0.22000000000000003,3560.9053550474255,0.27286875000000005,1814.9364704625,1.1515533747444473,0.6445379624998357,619.0
Audi Q5,plug-in hybrid,SUV,all wheel drive,2125.0802534500003,2.8194,0.52,0.35,2.6,14.0,0.19,3127.055592951676,0.4180312500000001,1593.8101900875004,1.0464863311503496,0.5797207297150525,550.0
Bentley Bentayga,plug-in hybrid,SUV,all wheel drive,2619.94952912,2.99466,0.52,0.35,2.6,14.0,0.19,3855.25573210008,0.4180312500000001,1964.96214684,1.2676332726831292,0.7025064891522862,712.0
BMW 5 Series,plug-in hybrid,Sedan,rear wheel drive,1934.11786568,2.97434,0.55,0.27,2.2,12.0,0.22000000000000003,2730.9172902019804,0.5457095676227968,2808.1352843757554,1.141606617189354,0.5778786046338917,435.0
BMW 7 Series,plug-in hybrid,Sedan,all wheel drive,2199.01580976,3.21056,0.55,0.27,2.2,12.0,0.22000000000000003,3235.85176406184,0.27286875000000005,1649.2618573200002,1.052837920549704,0.589728920477899,435.0
BMW i3,plug-in hybrid,Hatchback,rear wheel drive,1485.96860412,2.57048,0.54,0.3,2.1,11.0,0.21000000000000002,2085.8204936461075,0.5787739408754682,2146.642450871088,0.9066840809446713,0.4574681412207945,83.0
BMW i8,plug-in hybrid,Coupe,all wheel drive,1588.0268873700002,2.79908,0.52,0.26,2.0,10.0,0.19,2336.781564764955,0.23887500000000003,1191.0201655275,0.7735496031672321,0.43617961420545726,399.0
BMW X3,plug-in hybrid,SUV,all wheel drive,2080.17460882,2.8651199999999997,0.52,0.35,2.6,14.0,0.19,3060.97693687863,0.4180312500000001,1560.1309566149998,1.026418918490639,0.568578850536055,475.0
Ford Fusion Energi,plug-in hybrid,Sedan,front wheel drive,1808.01918682,2.8498799999999997,0.55,0.27,2.2,12.0,0.22000000000000003,2773.792530100106,0.5457646675973721,2801.757108302896,1.1508112215528565,0.5839625939218388,503.0
Honda Clarity,plug-in hybrid,Sedan,front wheel drive,1837.95628324,2.7508199999999996,0.55,0.27,2.2,12.0,0.22000000000000003,2824.051433657546,0.5457642250566538,2851.570852702713,1.1693538837373587,0.5934214919314305,252.0
Hyundai Ioniq Plug-In Hybrid,plug-in hybrid,Hatchback,front wheel drive,1549.92512829,2.70002,0.54,0.3,2.1,11.0,0.21000000000000002,2382.3614972218993,0.57884611258955,2406.2759099198342,1.0114582223220163,0.5118877203374127,410.0
Kia Optima Plug-In Hybrid,plug-in hybrid,Sedan,front wheel drive,1723.19741363,2.80416,0.55,0.27,2.2,12.0,0.22000000000000003,2645.499015244671,0.5457660049713923,2671.7903650353096,1.1030974917513607,0.5597030169725065,521.0
Land Rover Range Rover,plug-in hybrid,SUV,four wheel drive,2501.56192055,2.921,0.52,0.35,2.6,14.0,0.19,3681.0483660893256,0.4180312500000001,1876.1714404125,1.2147282756711635,0.6731324440440207,863.0
Land Rover Range Rover Sport,plug-in hybrid,SUV,four wheel drive,2471.17123176,2.9235399999999996,0.52,0.35,2.6,14.0,0.19,3636.32846753484,0.4180312500000001,1853.37842382,1.2011472994267127,0.6655919803572238,867.0
Lincoln Aviator,plug-in hybrid,SUV,all wheel drive,2575.49747686,3.02514,0.52,0.35,2.6,14.0,0.19,3789.8445371994903,0.4180312500000001,1931.623107645,1.2477685611613951,0.6914771542074207,647.0
Mercedes-Benz GLC-Class,plug-in hybrid,SUV,all wheel drive,2066.11324535,2.87274,0.52,0.35,2.6,14.0,0.19,3040.285640532525,0.4180312500000001,1549.5849340125,1.0201351832133554,0.5650899792779858,626.0
Mercedes-Benz S-Class,plug-in hybrid,Sedan,rear wheel drive,2320.12497255,3.16484,0.55,0.27,2.2,12.0,0.22000000000000003,3283.9446314314905,0.5457142145765221,3375.1110636612207,1.4454574826579392,0.6827275896234467,759.0
Mitsubishi Outlander PHEV,plug-in hybrid,SUV,all wheel drive,1915.06698614,2.6695399999999996,0.52,0.35,2.6,14.0,0.19,2818.0210701050096,0.4180312500000001,1436.300239605,0.9526357042670522,0.5276127493122666,406.0
Polestar 1,plug-in hybrid,Coupe,all wheel drive,2345.0725529,2.74066,0.52,0.26,2.0,10.0,0.19,3450.77426159235,0.23887500000000003,1758.804414675,1.1790642207530722,0.6240159409705753,572.0
Porsche Cayenne,plug-in hybrid,SUV,all wheel drive,2342.35099868,2.8956,0.52,0.35,2.6,14.0,0.19,3446.76949455762,0.4180312500000001,1756.76324901,1.1435801762412772,0.6336294178639389,712.0
Porsche Cayenne Coupe,plug-in hybrid,SUV,all wheel drive,2388.16382805,2.8956,0.52,0.35,2.6,14.0,0.19,3514.183072975575,0.4180312500000001,1791.1228710375,1.1640529911769422,0.6449963855111986,712.0
Porsche Panamera,plug-in hybrid,Sedan,all wheel drive,2243.01426965,2.94894,0.55,0.27,2.2,12.0,0.22000000000000003,3300.5954977899755,0.27286875000000005,1682.2607022375,1.072499930933462,0.6006457111886339,759.0
Subaru Crosstrek,plug-in hybrid,SUV,all wheel drive,1686.00283929,2.66446,0.52,0.35,2.6,14.0,0.19,2480.953178015235,0.4180312500000001,1264.5021294675,0.8502716295887266,0.47077791107596584,475.0
Toyota Prius Prime,plug-in hybrid,Hatchback,front wheel drive,1526.33832505,2.70002,0.54,0.3,2.1,11.0,0.21000000000000002,2346.1066544195764,0.5788466320506452,2369.6638133082233,0.9979903510524328,0.5050368458751421,410.0
Volvo XC60,plug-in hybrid,SUV,all wheel drive,2103.76141206,2.8651199999999997,0.52,0.35,2.6,14.0,0.19,3095.6849178462903,0.4180312500000001,1577.821059045,1.036959377665437,0.5744311507108821,665.0
Volvo XC90,plug-in hybrid,SUV,all wheel drive,2315.58904885,2.9844999999999997,0.52,0.35,2.6,14.0,0.19,3407.389285382775,0.4180312500000001,1736.6917866375,1.1316208091006412,0.6269893080501929,665.0
Chevrolet Volt,plug-in hybrid,Hatchback,front wheel drive,1596.19155003,2.69494,0.54,0.3,2.1,11.0,0.21000000000000002,2453.6829024496246,0.5788451382412716,2478.2569728599155,1.0379467066753456,0.525363174097767,320.0
Kia Niro Plug-In Hybrid,plug-in hybrid,SUV,front wheel drive,1433.80548157,2.70002,0.52,0.35,2.6,14.0,0.19,2201.8317210933014,0.8361149837895648,2225.9201254834347,0.9919595159668633,0.4926279904926342,406.0
MINI Countryman,plug-in hybrid,Wagon,all wheel drive,1790.7826767600002,2.6695399999999996,0.56,0.29,2.2,12.0,0.23000000000000004,2635.1367088523402,0.29308125,1343.0870075700002,0.8741230439274673,0.48959989094209605,342.0
Volvo S90,plug-in hybrid,Sedan,all wheel drive,2076.99946223,3.0607,0.55,0.27,2.2,12.0,0.22000000000000003,3056.304708671445,0.27286875000000005,1557.7495966725,0.9983113144339225,0.5594545214965824,572.0
Audi A3 Sportback e-tron,plug-in hybrid,Hatchback,front wheel drive,1640.1900099200002,2.6289,0.54,0.3,2.1,11.0,0.21000000000000002,2524.149362844131,0.578844262651731,2548.8236835115795,1.064042936208587,0.5386546615127354,381.0
BMW 3 Series,plug-in hybrid,Sedan,rear wheel drive,1769.0102430000002,2.80924,0.55,0.27,2.2,12.0,0.22000000000000003,2491.865657804429,0.5457069607857156,2563.5942767054157,1.0523783837715217,0.5325785110229342,388.0
BMW X5,plug-in hybrid,SUV,all wheel drive,2367.7521714,2.9337,0.52,0.35,2.6,14.0,0.19,3484.1473202151,0.4180312500000001,1775.81412855,1.1549314399679833,0.6399318949752899,806.0
Cadillac CT6,plug-in hybrid,Sedan,rear wheel drive,2057.94858269,3.10896,0.55,0.27,2.2,12.0,0.22000000000000003,2910.8616429306317,0.5457112482651478,2992.0684470295137,1.2087530407780407,0.611972070400474,561.0
Hyundai Sonata Plug-in Hybrid,plug-in hybrid,Sedan,front wheel drive,1717.7543051900002,2.80416,0.55,0.27,2.2,12.0,0.22000000000000003,2637.1426087737746,0.5457660953022182,2663.352307563496,1.0999933602730776,0.5581239801680573,521.0
Mercedes-Benz C-Class,plug-in hybrid,Sedan,rear wheel drive,1779.89645988,2.82956,0.55,0.27,2.2,12.0,0.22000000000000003,2507.9698241116853,0.5457071475567421,2579.9948697574005,1.058379469923781,0.5356272529920659,475.0
Mercedes-Benz GLE-Class,plug-in hybrid,SUV,all wheel drive,2474.79997072,2.91592,0.52,0.35,2.6,14.0,0.19,3641.6681569144807,0.4180312500000001,1856.0999780400002,1.2027689085305264,0.6664923342302747,755.0
Acura ILX,gas,Sedan,front wheel drive,1403.86838515,2.6695399999999996,0.55,0.27,2.2,0.0,0.22000000000000003,2159.973700340184,0.5457724893539029,2180.4989249661426,2.076418872885212,1.5123122436841092,475.0
Acura MDX,gas,SUV,front wheel drive,1828.88443584,2.8194,0.52,0.35,2.6,0.0,0.19,2803.3617820979593,0.836103645446225,2834.9269636832987,2.743765834221079,1.9677031316720903,701.0
Acura RDX,gas,SUV,front wheel drive,1733.17644577,2.7508199999999996,0.52,0.35,2.6,0.0,0.19,2659.4212468286014,0.8361059176928146,2688.848458838149,2.6250601254089725,1.8793216178365693,615.0
Acura RLX,gas,Sedan,front wheel drive,1803.93685549,2.8498799999999997,0.55,0.27,2.2,0.0,0.22000000000000003,2767.5295765700253,0.5457647290819471,2795.431994786264,2.5770862801330345,1.8852212836610065,665.0
Acura TLX,gas,Sedan,front wheel drive,1609.3457287600002,2.77622,0.55,0.27,2.2,0.0,0.22000000000000003,2471.7881703922963,0.5457680216752655,2496.14808813688,2.3333860778009647,1.7037034708723953,619.0
Alfa Romeo 4C,gas,Coupe,rear wheel drive,1128.08422419,2.37998,0.52,0.26,2.0,0.0,0.19,1579.1594496369685,0.4777080774707937,1624.755701260252,1.5731416971044734,1.1444139163939644,378.0
Alfa Romeo Giulia,gas,Sedan,all wheel drive,1642.91156414,2.8194,0.55,0.27,2.2,0.0,0.22000000000000003,2417.54436663201,0.27286875000000005,1232.183673105,1.8843361356332404,1.5116221548316837,550.0
Alfa Romeo Stelvio,gas,SUV,rear wheel drive,1769.4638353700002,2.8194,0.52,0.35,2.6,0.0,0.19,2495.9397373677975,0.836015726232263,2564.507401513981,2.4996892325494637,1.782435761341276,608.0
Aston Martin DB11,gas,Coupe,rear wheel drive,1875.15085758,2.80416,0.52,0.26,2.0,0.0,0.19,2644.4227490692774,0.47772477846764916,2717.206900475924,2.454260571247812,1.799468109841144,737.0
Aston Martin Vantage,gas,Coupe,rear wheel drive,1498.66919048,2.7051,0.52,0.26,2.0,0.0,0.19,2110.2743694424635,0.4777184430649102,2168.914191186667,2.0123306919532924,1.470965519226391,694.0
Audi A3,gas,Sedan,all wheel drive,1549.92512829,2.63652,0.55,0.27,2.2,0.0,0.22000000000000003,2280.714826278735,0.27286875000000005,1162.4438462174999,1.7872800365937096,1.433448553316032,521.0
Audi A4,gas,Sedan,front wheel drive,1549.92512829,2.8194,0.55,0.27,2.2,0.0,0.22000000000000003,2378.9298487644337,0.5457691918946859,2402.73744911985,2.2569958583793506,1.6467569838926666,550.0
Audi A4 allroad,gas,Wagon,all wheel drive,1744.96984739,2.81686,0.56,0.29,2.2,0.0,0.23000000000000004,2567.723130434385,0.29308125,1308.7273855425,2.0003578455643334,1.6016144779318489,550.0
Audi A5,gas,Convertible,all wheel drive,1804.84404023,2.76606,0.53,0.31,2.1,0.0,0.2,2655.8280051984448,0.29905312500000003,1353.6330301725,2.0656583544886487,1.653189204565061,550.0
Audi Q3,gas,SUV,all wheel drive,1771.27820485,2.6797,0.52,0.35,2.6,0.0,0.19,2606.435878436775,0.4180312500000001,1328.4586536375,2.0865246359509335,1.6496462467095985,572.0
Audi Q5,gas,SUV,all wheel drive,1834.78113665,2.8194,0.52,0.35,2.6,0.0,0.19,2699.880442580475,0.4180312500000001,1376.0858524875,2.152806849929152,1.7030330965251648,665.0
Audi Q7,gas,SUV,all wheel drive,2169.98589808,2.99466,0.52,0.35,2.6,0.0,0.19,3193.13424902472,0.4180312500000001,1627.48942356,2.502682250857027,1.9848393966230544,809.0
Audi R8,gas,Coupe,all wheel drive,1655.15855813,2.6492199999999997,0.52,0.26,2.0,0.0,0.19,2435.565818288295,0.23887500000000003,1241.3689185975,1.881147372330861,1.5148679599765482,788.0
Audi RS 3,gas,Sedan,all wheel drive,1629.75738541,2.6314399999999996,0.55,0.27,2.2,0.0,0.22000000000000003,2398.187992630815,0.27286875000000005,1222.3180390575,1.8706062484520385,1.5005634502270322,521.0
Audi S3,gas,Sedan,all wheel drive,1569.88319257,2.6314399999999996,0.55,0.27,2.2,0.0,0.22000000000000003,2310.083117866755,0.27286875000000005,1177.4123944275,1.8081115895582902,1.4502272775437823,521.0
Audi S4,gas,Sedan,all wheel drive,1744.96984739,2.8194,0.55,0.27,2.2,0.0,0.22000000000000003,2567.723130434385,0.27286875000000005,1308.7273855425,1.9908611223839479,1.5974224491781304,550.0
Audi S5,gas,Coupe,all wheel drive,1749.95936346,2.76352,0.52,0.26,2.0,0.0,0.19,2575.0652033313904,0.23887500000000003,1312.469522595,1.9800972489126296,1.5945669000583578,550.0
Audi TT,gas,Coupe,all wheel drive,1450.1348068900002,2.50444,0.52,0.26,2.0,0.0,0.19,2133.8733683386354,0.23887500000000003,1087.6011051675,1.6671505100583293,1.3425047020005747,521.0
Audi TT RS,gas,Coupe,all wheel drive,1495.04045152,2.50444,0.52,0.26,2.0,0.0,0.19,2199.95202441168,0.23887500000000003,1121.28033864,1.7140215042286422,1.3802568315130124,521.0
Audi TTS,gas,Coupe,all wheel drive,1480.0719033100002,2.50444,0.52,0.26,2.0,0.0,0.19,2177.9258057206653,0.23887500000000003,1110.0539274825,1.6983978395052046,1.3676727883422002,521.0
Bentley Bentayga,gas,SUV,all wheel drive,2482.96463338,2.99212,0.52,0.35,2.6,0.0,0.19,3653.6824580186703,0.4180312500000001,1862.223475035,2.829358876892528,2.2479602992854884,809.0
Bentley Continental,gas,Convertible,all wheel drive,2414.01859314,2.8498799999999997,0.53,0.31,2.1,0.0,0.2,3552.22835980551,0.29905312500000003,1810.513944855,2.701494164293981,2.165321628152967,856.0
Bentley Flying Spur,gas,Sedan,all wheel drive,2437.15180401,3.1953199999999997,0.55,0.27,2.2,0.0,0.22000000000000003,3586.268879600715,0.27286875000000005,1827.8638530075,2.7133372547465187,2.179339112167812,856.0
Bentley Mulsanne,gas,Sedan,rear wheel drive,2711.1215954900003,3.26644,0.55,0.27,2.2,0.0,0.22000000000000003,3841.9224167012367,0.5457175726335189,3947.6350452084826,3.477234515604321,2.550135002314262,913.0
BMW 2 Series,gas,Convertible,rear wheel drive,1669.2199216,2.68986,0.53,0.31,2.1,0.0,0.2,2348.8505515278002,0.5980707794456978,2415.3223994973314,2.2666090722441647,1.642778698683009,493.0
BMW 2 Series Gran Coupe,gas,Sedan,all wheel drive,1602.99543558,2.6695399999999996,0.55,0.27,2.2,0.0,0.22000000000000003,2358.80778345597,0.27286875000000005,1202.246576685,1.8426730297040772,1.478064706376185,475.0
BMW 3 Series,gas,Sedan,rear wheel drive,1627.94301593,2.8498799999999997,0.55,0.27,2.2,0.0,0.22000000000000003,2294.553540995834,0.5457043146547337,2360.262532194856,2.197236588844269,1.598582388147745,561.0
BMW 4 Series,gas,Convertible,rear wheel drive,1831.15239769,2.80924,0.53,0.31,2.1,0.0,0.2,2581.511631217743,0.5980739159672136,2653.6236218204594,2.4589834273728837,1.78582190950789,568.0
BMW 4 Series Gran Coupe,gas,Sedan,rear wheel drive,1669.2199216,2.80924,0.55,0.27,2.2,0.0,0.22000000000000003,2351.2988771077685,0.5457051352089645,2418.9584302431426,2.244287448617884,1.6335188015607298,568.0
BMW 5 Series,gas,Sedan,rear wheel drive,1684.18846981,2.97434,0.55,0.27,2.2,0.0,0.22000000000000003,2378.0243664446416,0.5457054228358394,2445.2146190798226,2.2661300738767585,1.6498555601451959,647.0
BMW 7 Series,gas,Sedan,rear wheel drive,1925.04601828,3.21056,0.55,0.27,2.2,0.0,0.22000000000000003,2726.222753856988,0.5457094359990561,2801.5196342274617,2.5539590463055197,1.8639042858004768,741.0
BMW 8 Series,gas,Coupe,rear wheel drive,1783.97879121,2.8219399999999997,0.52,0.26,2.0,0.0,0.19,2516.507793984458,0.47772348958336047,2585.6250007677663,2.3483658222176627,1.7207764965527907,647.0
BMW 8 Series Gran Coupe,gas,Sedan,rear wheel drive,1933.21068094,3.0225999999999997,0.55,0.27,2.2,0.0,0.22000000000000003,2731.400639165788,0.5457095545160087,2808.2436624139423,2.558564816608725,1.8672077996486698,647.0
BMW ALPINA B7,gas,Sedan,all wheel drive,2202.1909563500003,3.21056,0.55,0.27,2.2,0.0,0.22000000000000003,3240.5239922690257,0.27286875000000005,1651.6432172625002,2.4680930630271174,1.981807767850218,741.0
BMW X1,gas,SUV,front wheel drive,1612.06728298,2.6695399999999996,0.52,0.35,2.6,0.0,0.19,2476.8134484591164,0.8361091797454858,2503.6219720549325,2.4744876331249426,1.7672058510487694,579.0
BMW X2,gas,SUV,all wheel drive,1687.81720877,2.6695399999999996,0.52,0.35,2.6,0.0,0.19,2483.623022705055,0.4180312500000001,1265.8629065774999,1.9994108690081327,1.5794806726662827,579.0
BMW X3,gas,SUV,all wheel drive,2095.5967494,2.8651199999999997,0.52,0.35,2.6,0.0,0.19,3083.6706167421003,0.4180312500000001,1571.6975620500002,2.425037371625403,1.922300515410532,619.0
BMW X4,gas,SUV,all wheel drive,2081.9889783000003,2.8651199999999997,0.52,0.35,2.6,0.0,0.19,3063.646781568451,0.4180312500000001,1561.4917337250004,2.410834040058643,1.9108604761643386,619.0
BMW X5,gas,SUV,all wheel drive,2460.7386072500003,2.9718,0.52,0.35,2.6,0.0,0.19,3620.9768605683757,0.4180312500000001,1845.5539554375002,2.8061601020001565,2.229274901850043,788.0
BMW X6,gas,SUV,all wheel drive,2438.05898875,2.9718,0.52,0.35,2.6,0.0,0.19,3587.603801945625,0.4180312500000001,1828.5442415625,2.7824878827222204,2.210208169773053,788.0
BMW X7,gas,SUV,all wheel drive,2567.78640657,3.10388,0.52,0.35,2.6,0.0,0.19,3778.497697267755,0.4180312500000001,1925.8398049275002,2.9178929769920074,2.3192698772534257,788.0
BMW Z4,gas,Convertible,rear wheel drive,1568.06882309,2.46888,0.53,0.31,2.1,0.0,0.2,2197.912897927787,0.5980684915332882,2261.8451130287276,2.142062747830948,1.550074722962065,493.0
Buick Enclave,gas,SUV,all wheel drive,2125.0802534500003,3.07086,0.52,0.35,2.6,0.0,0.19,3127.055592951676,0.4180312500000001,1593.8101900875004,2.45581125668672,1.9470872671106165,780.0
Buick Encore,gas,SUV,front wheel drive,1468.27850169,2.55524,0.52,0.35,2.6,0.0,0.19,2260.3542052888793,0.8361137514526893,2283.9933890821208,2.2959877724900966,1.6343009373638722,503.0
Buick Envision,gas,SUV,front wheel drive,1703.23934935,2.7508199999999996,0.52,0.35,2.6,0.0,0.19,2613.485156200313,0.8361066808772395,2642.4107909419495,2.587218576667077,1.85113149384658,622.0
Buick Regal Sportback,gas,Hatchback,front wheel drive,1700.0642027600002,2.82956,0.54,0.3,2.1,0.0,0.21000000000000002,2607.816626709013,0.5788431439339742,2635.0675929051604,2.4613067962728885,1.7941605928915711,586.0
Buick Regal TourX,gas,Wagon,all wheel drive,1681.92050796,2.82956,0.56,0.29,2.2,0.0,0.23000000000000004,2474.94602746314,0.29308125,1261.44038097,1.9345490759716741,1.548608962757821,586.0
Cadillac CT4,gas,Sedan,rear wheel drive,1569.88319257,2.77622,0.55,0.27,2.2,0.0,0.22000000000000003,2210.247707654359,0.545703087441524,2274.071397957279,2.1275649794414013,1.5467633814736286,626.0
Cadillac CT5,gas,Sedan,rear wheel drive,1659.69448183,2.9463999999999997,0.55,0.27,2.2,0.0,0.22000000000000003,2342.5409216061753,0.5457049494726257,2408.92038328548,2.236802093178234,1.6280440292210308,611.0
Cadillac CT6,gas,Sedan,all wheel drive,1807.56559445,3.10896,0.55,0.27,2.2,0.0,0.22000000000000003,2659.832772233175,0.27286875000000005,1355.6741958375,2.0561964475910512,1.650046629710617,690.0
Cadillac CT6-V,gas,Sedan,all wheel drive,2027.5578939,3.10896,0.55,0.27,2.2,0.0,0.22000000000000003,2983.55144087385,0.27286875000000005,1520.668420425,2.285816974587016,1.8349939308574053,690.0
Cadillac Escalade,gas,SUV,rear wheel drive,2530.1382398600003,2.9463999999999997,0.52,0.35,2.6,0.0,0.19,3575.3005620730205,0.8360297878731057,3672.414996639225,3.392695520410747,2.44624268484316,935.0
Cadillac Escalade ESV,gas,SUV,rear wheel drive,2644.89710947,3.302,0.52,0.35,2.6,0.0,0.19,3753.511318103867,0.8360312071471575,3852.329243632451,3.5394499017244643,2.555587730850319,1115.0
Cadillac XT4,gas,SUV,front wheel drive,1660.1480742,2.77876,0.52,0.35,2.6,0.0,0.19,2546.2702860170684,0.8361078277265668,2574.674237369784,2.531896334044214,1.8099009231080863,572.0
Cadillac XT6,gas,SUV,front wheel drive,2014.40371517,2.86258,0.52,0.35,2.6,0.0,0.19,3085.7906867197835,0.8360998558875898,3120.875514913264,2.976527013210309,2.14106151507208,683.0
Chevrolet Blazer,gas,SUV,front wheel drive,1778.0820904000002,2.86258,0.52,0.35,2.6,0.0,0.19,2723.7783138801065,0.8361048211049856,2754.7909061867385,2.6782782052194096,1.9188909482279175,698.0
Chevrolet Camaro,gas,Coupe,rear wheel drive,1519.98803187,2.81178,0.52,0.26,2.0,0.0,0.19,2143.7978755827276,0.47771888563641374,2202.689380574962,2.0399212680640653,1.4915288127807693,683.0
Chevrolet Colorado,gas,Truck (Extended Cab),rear wheel drive,1789.42189965,3.25882,0.7,0.42,2.8,0.0,0.36999999999999994,2522.1504788309176,1.0803902287527476,2605.440950627182,2.639396485406794,1.8504238030514182,755.0
Chevrolet Corvette,gas,Convertible,rear wheel drive,2026.19711679,2.72288,0.53,0.31,2.1,0.0,0.2,2852.6853898600184,0.5980770282999048,2933.187802806926,2.683616388163173,1.9526966706814737,665.0
Chevrolet Equinox,gas,SUV,front wheel drive,1485.06141938,2.7254199999999997,0.52,0.35,2.6,0.0,0.19,2279.616929267238,0.836113172207791,2304.7213294957414,2.312142624385676,1.6462281202513094,536.0
Chevrolet Malibu,gas,Sedan,front wheel drive,1417.92974862,2.82956,0.55,0.27,2.2,0.0,0.22000000000000003,2175.9979530222736,0.5457721423420601,2197.88509752925,2.089890483129084,1.5222463321759574,568.0
Chevrolet Silverado 1500,gas,Truck (Crew Cab),four wheel drive,2267.96185,3.74396,0.7,0.42,2.8,0.0,0.36999999999999994,3337.305862275,0.540225,1700.9713875000002,2.662358246455487,2.092550398479488,863.0
Chevrolet Sonic,gas,Sedan,front wheel drive,1295.91340109,2.52476,0.55,0.27,2.2,0.0,0.22000000000000003,1999.1019505911524,0.5457754043746503,2017.0054755604722,1.943697367612461,1.4135151744875003,439.0
Chevrolet Spark,gas,Hatchback,front wheel drive,1048.70555944,2.38506,0.54,0.3,2.1,0.0,0.21000000000000002,1621.4892506460342,0.5788621791950557,1635.929727934814,1.6483184158862974,1.188697903932297,324.0
Chevrolet Trax,gas,SUV,front wheel drive,1417.02256388,2.55524,0.52,0.35,2.6,0.0,0.19,2181.447802694612,0.8361156054460336,2204.2764336108157,2.2309976224096832,1.5858819719158623,503.0
Chrysler 300,gas,Sedan,rear wheel drive,1986.7345806,3.05308,0.55,0.27,2.2,0.0,0.22000000000000003,2808.140407058479,0.545710307337695,2886.906983652291,2.6220309224431073,1.914393743779836,665.0
Dodge Challenger,gas,Coupe,all wheel drive,1849.74968486,2.95148,0.52,0.26,2.0,0.0,0.19,2721.9066612714896,0.23887500000000003,1387.3122636449998,2.084255013735546,1.6784605211971084,665.0
Dodge Charger,gas,Sedan,rear wheel drive,1847.48172301,3.048,0.55,0.27,2.2,0.0,0.22000000000000003,2611.1424324974123,0.5457082578457417,2684.3948805170844,2.4589760002628753,1.7932144036684678,665.0
Dodge Durango,gas,SUV,all wheel drive,2457.10986829,3.0429199999999996,0.52,0.35,2.6,0.0,0.19,3615.637171188735,0.4180312500000001,1842.8324012175,2.8023725469156884,2.226224224717722,885.0
Dodge Journey,gas,SUV,front wheel drive,1838.86346798,2.89052,0.52,0.35,2.6,0.0,0.19,2815.7705620802512,0.8361034221469287,2848.0351931056434,2.754116814523782,1.975365830466682,737.0
FIAT 124 Spider,gas,Convertible,rear wheel drive,1123.54830049,2.30886,0.53,0.31,2.1,0.0,0.2,1569.6797082585085,0.5980535544130219,1616.2695765470269,1.622126509452393,1.1636484620257028,428.0
FIAT 500L,gas,Wagon,front wheel drive,1475.9895719800002,2.6111199999999997,0.56,0.29,2.2,0.0,0.23000000000000004,2274.351213899932,0.5861982447163451,2294.3930140935927,2.1892406309692536,1.5907417904814474,475.0
FIAT 500X,gas,SUV,all wheel drive,1499.12278285,2.57048,0.52,0.35,2.6,0.0,0.19,2205.9591749637752,0.4180312500000001,1124.3420871375001,1.802458004615713,1.420845461785737,457.0
Ford EcoSport,gas,SUV,front wheel drive,1370.30254977,2.51968,0.52,0.35,2.6,0.0,0.19,2110.900111738634,0.8361174162077828,2132.739291408204,2.172831612673012,1.5425697778856344,496.0
Ford Edge,gas,SUV,front wheel drive,1795.3186004600002,2.8498799999999997,0.52,0.35,2.6,0.0,0.19,2750.685126589529,0.8361044147626311,2781.902598200523,2.7004233965370585,1.9353956517776332,665.0
Ford Expedition,gas,SUV,rear wheel drive,2434.8838421600003,3.1115,0.52,0.35,2.6,0.0,0.19,3447.9607805298483,0.8360285082153132,3540.17834402101,3.2869922722861187,2.367799566113908,899.0
Ford Explorer,gas,SUV,all wheel drive,1970.85884765,3.02514,0.52,0.35,2.6,0.0,0.19,2900.118794316975,0.4180312500000001,1478.1441357375,2.2948401655967587,1.8174334889870964,644.0
Ford F-150,gas,Truck (SuperCab),four wheel drive,2179.51133785,3.683,0.7,0.42,2.8,0.0,0.36999999999999994,3207.150933646275,0.540225,1634.6335033875,2.5700365912715393,2.0181901433792313,827.0
Ford Fusion,gas,Sedan,front wheel drive,1574.8727086400002,2.8498799999999997,0.55,0.27,2.2,0.0,0.22000000000000003,2416.108295159952,0.5457686898258357,2440.522847464149,2.2876689338788148,1.6695897167999674,593.0
Ford Mustang,gas,Coupe,rear wheel drive,1746.3306245,2.72034,0.52,0.26,2.0,0.0,0.19,2459.5998454064556,0.4777229180999515,2527.8902812445535,2.301438180197816,1.685835473455293,575.0
Ford Ranger,gas,Truck (SuperCab),rear wheel drive,1880.14037365,3.2207199999999996,0.7,0.42,2.8,0.0,0.36999999999999994,2648.695496522929,1.0803931125495532,2736.622922255488,2.7443883863086884,1.928358285540771,647.0
Ford Shelby GT350,gas,Coupe,rear wheel drive,1725.9189678500002,2.72034,0.52,0.26,2.0,0.0,0.19,2430.8512757848225,0.47772259783726967,2498.339292294565,2.2776435429049067,1.6681515572793555,575.0
Genesis G70,gas,Sedan,rear wheel drive,1594.83077292,2.83464,0.55,0.27,2.2,0.0,0.22000000000000003,2247.373237123029,0.5457036257071403,2311.8349589304726,2.1582021810477716,1.5695665314682439,568.0
Genesis G80,gas,Sedan,rear wheel drive,2049.78392003,3.0099,0.55,0.27,2.2,0.0,0.22000000000000003,2895.618301167941,0.5457111437061035,2977.2112316462967,2.6945224850829828,1.9682359242225824,730.0
GMC Acadia,gas,SUV,all wheel drive,1953.16874522,2.8575,0.52,0.35,2.6,0.0,0.19,2874.08780859123,0.4180312500000001,1464.8765589149998,2.276375834559974,1.8025614379670432,791.0
GMC Canyon,gas,Truck (Crew Cab),four wheel drive,2013.49653043,3.25882,0.7,0.42,2.8,0.0,0.36999999999999994,2962.860144527745,0.540225,1510.1223978224998,2.3967559461570582,1.8786216645756775,755.0
GMC Sierra 1500,gas,Truck (Double Cab),four wheel drive,2336.0007055,3.7465,0.7,0.42,2.8,0.0,0.36999999999999994,3437.4250381432503,0.540225,1752.000529125,2.7333749042892905,2.1497505947104525,863.0
GMC Terrain,gas,SUV,all wheel drive,1724.10459837,2.7254199999999997,0.52,0.35,2.6,0.0,0.19,2537.019916501455,0.4180312500000001,1293.0784487775,2.03728641985283,1.6099874439894617,561.0
GMC Yukon,gas,SUV,rear wheel drive,2486.5933723400003,2.9463999999999997,0.52,0.35,2.6,0.0,0.19,3513.767960072481,0.8360292150510762,3609.205254457954,3.341775435742306,2.408395977572048,935.0
GMC Yukon XL,gas,SUV,four wheel drive,2705.67848705,3.302,0.52,0.35,2.6,0.0,0.19,3981.405893694075,0.4180312500000001,2029.2588652875002,3.0618200702018545,2.435195608281514,1115.0
Honda Accord,gas,Sedan,front wheel drive,1451.04199163,2.82956,0.55,0.27,2.2,0.0,0.22000000000000003,2226.8130043884375,0.5457713517531729,2249.2010437594267,2.1317389583239894,1.553426034421836,532.0
Honda Civic,gas,Hatchback,front wheel drive,1343.08700757,2.70002,0.54,0.3,2.1,0.0,0.21000000000000002,2064.434414186141,0.5788512894404829,2085.2159857872425,2.0135527878184596,1.4606515397218127,446.0
Honda CR-V,gas,SUV,front wheel drive,1541.30687326,2.65938,0.52,0.35,2.6,0.0,0.19,2368.4949107217835,0.8361113229395024,2394.0713874489616,2.385245141884603,1.7007286834351705,503.0
Honda Fit,gas,Hatchback,front wheel drive,1199.29822628,2.5298399999999996,0.54,0.3,2.1,0.0,0.21000000000000002,1848.962581317416,0.5788559405122975,1866.4684856562094,1.8358396421489942,1.3283427033204582,381.0
Honda HR-V,gas,SUV,front wheel drive,1342.17982283,2.6111199999999997,0.52,0.35,2.6,0.0,0.19,2064.1903278926043,0.8361185669651517,2086.206858425269,2.134509866531729,1.5139630266413726,475.0
Honda Passport,gas,SUV,all wheel drive,1921.87087169,2.8194,0.52,0.35,2.6,0.0,0.19,2828.0329876918354,0.4180312500000001,1441.4031537675,2.243708171956419,1.776249347700801,701.0
Honda Pilot,gas,SUV,all wheel drive,1959.06544603,2.8194,0.52,0.35,2.6,0.0,0.19,2882.7648038331454,0.4180312500000001,1469.2990845225,2.2825306115722386,1.8075187883070605,701.0
Honda Ridgeline,gas,Truck (Crew Cab),all wheel drive,2047.96955055,3.18008,0.7,0.42,2.8,0.0,0.36999999999999994,3013.5871936343246,0.540225,1535.9771629124998,2.4327377194595186,1.9076030973327003,701.0
Hyundai Accent,gas,Sedan,front wheel drive,1225.15299137,2.58064,0.55,0.27,2.2,0.0,0.22000000000000003,1887.9696690369512,0.5457775938023779,1905.3299049667903,1.852301267997889,1.3453720741869974,428.0
Hyundai Elantra,gas,Sedan,front wheel drive,1295.91340109,2.70002,0.55,0.27,2.2,0.0,0.22000000000000003,1992.84990708077,0.5457754043746503,2012.044333583642,1.9388573778983318,1.4097932653275922,503.0
Hyundai Elantra GT,gas,Hatchback,front wheel drive,1334.92234491,2.6492199999999997,0.54,0.3,2.1,0.0,0.21000000000000002,2053.6397215089487,0.5788515267052426,2073.949060084809,2.0045793578592424,1.4539970991920428,503.0
Hyundai Kona,gas,SUV,all wheel drive,1476.89675672,2.60096,0.52,0.35,2.6,0.0,0.19,2173.25357751348,0.4180312500000001,1107.67256754,1.7792592297233383,1.4021600643502896,475.0
Hyundai Palisade,gas,SUV,all wheel drive,1989.90972719,2.90068,0.52,0.35,2.6,0.0,0.19,2928.1521635600852,0.4180312500000001,1492.4322953925,2.3147248297902276,1.833449543931766,676.0
Hyundai Santa Fe,gas,SUV,all wheel drive,1694.16750195,2.76606,0.52,0.35,2.6,0.0,0.19,2492.967479119425,0.4180312500000001,1270.6256264625001,2.006039090405955,1.5848193576478393,676.0
Hyundai Sonata,gas,Sedan,front wheel drive,1513.18414632,2.83972,0.55,0.27,2.2,0.0,0.22000000000000003,2321.8218484746903,0.5457699614513261,2345.2237833921367,2.2100007170189935,1.6117292461474269,572.0
Hyundai Tucson,gas,SUV,all wheel drive,1645.17952599,2.6695399999999996,0.52,0.35,2.6,0.0,0.19,2420.881672494285,0.4180312500000001,1233.8846444925,1.9549070967656148,1.5436352163615432,590.0
Hyundai Veloster,gas,Hatchback,front wheel drive,1225.15299137,2.6492199999999997,0.54,0.3,2.1,0.0,0.21000000000000002,1884.7709438653312,0.5788550236881401,1903.447063804572,1.8655159113033586,1.3503834212567563,475.0
Hyundai Venue,gas,Hatchback,front wheel drive,1241.93590906,2.51968,0.54,0.3,2.1,0.0,0.21000000000000002,1915.0656676192998,0.5788544489903978,1933.1042178134082,1.8902511172897294,1.3688928702220122,428.0
INFINITI Q50,gas,Sedan,rear wheel drive,1692.80672484,2.8498799999999997,0.55,0.27,2.2,0.0,0.22000000000000003,2385.977658121051,0.5457055861319204,2454.3206655454924,2.272925466092903,1.6548264981022995,719.0
INFINITI Q60,gas,Coupe,rear wheel drive,1716.84712045,2.8498799999999997,0.52,0.26,2.0,0.0,0.19,2422.793629092187,0.4777224530540789,2489.131595246278,2.2707630701571144,1.663116906951301,719.0
INFINITI QX50,gas,SUV,all wheel drive,1853.83201619,2.79908,0.52,0.35,2.6,0.0,0.19,2727.913811823585,0.4180312500000001,1390.3740121425,2.1726915141226173,1.7190491514698338,575.0
INFINITI QX60,gas,SUV,front wheel drive,2003.06390592,2.90068,0.52,0.35,2.6,0.0,0.19,3066.7672441903005,0.8361000673798415,3101.9600306876823,2.960927796626575,2.1294138412276835,701.0
INFINITI QX80,gas,SUV,four wheel drive,2687.98838462,3.0759399999999997,0.52,0.35,2.6,0.0,0.19,3955.3749079683303,0.4180312500000001,2015.991288465,3.0433557391650643,2.420323557261464,935.0
Jaguar E-PACE,gas,SUV,all wheel drive,1830.24521295,2.6822399999999997,0.52,0.35,2.6,0.0,0.19,2693.2058308559253,0.4180312500000001,1372.6839097125,2.148072406073564,1.6992197501097674,651.0
Jaguar F-PACE,gas,SUV,all wheel drive,1755.4024719,2.87274,0.52,0.35,2.6,0.0,0.19,2583.0747374008497,0.4180312500000001,1316.551853925,2.069954082456381,1.6362995342557072,780.0
Jaguar F-TYPE,gas,Convertible,rear wheel drive,1544.48201985,2.62128,0.53,0.31,2.1,0.0,0.2,2170.8415061008095,0.5980679149447666,2232.753617051909,2.1193673596128786,1.5333155472193853,665.0
Jaguar XE,gas,Sedan,all wheel drive,1614.7888372,2.83464,0.55,0.27,2.2,0.0,0.22000000000000003,2376.1617739398002,0.27286875000000005,1211.0916279,1.854982583728603,1.4879794070562191,597.0
Jaguar XF,gas,Sedan,rear wheel drive,1628.3966083,2.9591,0.55,0.27,2.2,0.0,0.22000000000000003,2298.7689531293922,0.5457043238978506,2363.8123232677826,2.200546698869043,1.6011091768762424,701.0
Jeep Cherokee,gas,SUV,front wheel drive,1628.3966083,2.70256,0.52,0.35,2.6,0.0,0.19,2500.554252040979,0.8361087116153318,2527.876769502584,2.4941031454913176,1.7817966577515556,568.0
Jeep Compass,gas,SUV,front wheel drive,1444.23810608,2.63652,0.52,0.35,2.6,0.0,0.19,2220.1839909328155,0.8361146046371,2244.0195560264715,2.2630411875141383,1.6097029323454346,485.0
Jeep Gladiator,gas,Truck (Crew Cab),four wheel drive,2140.9559864000003,3.48742,0.7,0.42,2.8,0.0,0.36999999999999994,3150.4167339876003,0.540225,1605.7169898000002,2.5297938184990514,1.9857766988483518,791.0
Jeep Grand Cherokee,gas,SUV,four wheel drive,2097.8647112500003,2.91338,0.52,0.35,2.6,0.0,0.19,3087.0079226043754,0.4180312500000001,1573.3985334375002,2.4274045935531965,1.924207188618232,885.0
Jeep Renegade,gas,SUV,front wheel drive,1386.17828272,2.57048,0.52,0.35,2.6,0.0,0.19,2133.380154052775,0.8361167872078832,2155.827459628648,2.1914330831423987,1.55639596058167,457.0
Jeep Wrangler,gas,SUV,four wheel drive,1800.7617089,2.45872,0.52,0.35,2.6,0.0,0.19,2649.82085464635,0.4180312500000001,1350.5712816750001,2.11729852101225,1.6744329984096824,629.0
Kia Forte,gas,Sedan,front wheel drive,1252.82212594,2.70002,0.55,0.27,2.2,0.0,0.22000000000000003,1926.5843343917,0.5457767082306187,1945.1558040786008,1.8842917388889353,1.3691358610568058,503.0
Kia Optima,gas,Sedan,front wheel drive,1490.05093545,2.80416,0.55,0.27,2.2,0.0,0.22000000000000003,2287.566271407935,0.5457704654584357,2310.3602366592954,2.1817279654109263,1.590687450807146,665.0
Kia Rio,gas,Sedan,front wheel drive,1255.09008779,2.58064,0.55,0.27,2.2,0.0,0.22000000000000003,1934.1029523233042,0.5457766373743355,1951.875612259802,1.890284319397207,1.373675455140213,428.0
Kia Sorento,gas,SUV,front wheel drive,1799.85452416,2.77876,0.52,0.35,2.6,0.0,0.19,2760.546583310308,0.8361043091240482,2791.3084260851588,2.708418513078655,1.9413998463869666,676.0
Kia Soul,gas,Wagon,front wheel drive,1290.01670028,2.60096,0.56,0.29,2.2,0.0,0.23000000000000004,1988.1520290222663,0.5862033982570719,2005.6528508749482,1.9536070689888902,1.415156121399539,514.0
Kia Sportage,gas,SUV,all wheel drive,1563.98649176,2.6695399999999996,0.52,0.35,2.6,0.0,0.19,2301.40612262484,0.4180312500000001,1172.98986882,1.8701605517506084,1.4753763155259247,590.0
Kia Stinger,gas,Sedan,rear wheel drive,1736.80518473,2.90576,0.55,0.27,2.2,0.0,0.22000000000000003,2449.978387123909,0.5457063945470967,2519.727772762532,2.3258108991808824,1.694162744150997,572.0
Kia Telluride,gas,SUV,all wheel drive,1974.94117898,2.90068,0.52,0.35,2.6,0.0,0.19,2906.12594486907,0.4180312500000001,1481.205884235,2.299101165066791,1.820865500760952,676.0
Lamborghini Aventador,gas,Coupe,all wheel drive,1574.8727086400002,2.70002,0.52,0.26,2.0,0.0,0.19,2317.42519076376,0.23887500000000003,1181.15453148,1.7973477160869735,1.4473717284240104,809.0
Lamborghini Huracan,gas,Coupe,all wheel drive,1422.01207995,2.61874,0.52,0.26,2.0,0.0,0.19,2092.4907756464254,0.23887500000000003,1066.5090599625,1.6377969581536898,1.3188619542251094,759.0
Lamborghini Urus,gas,SUV,all wheel drive,2199.9229945,3.00228,0.52,0.35,2.6,0.0,0.19,3237.1866864067506,0.4180312500000001,1649.942245875,2.533929580303904,2.0100074829646792,712.0
Land Rover Defender,gas,SUV,all wheel drive,2184.0472615500003,3.02006,0.52,0.35,2.6,0.0,0.19,3213.8255453708252,0.4180312500000001,1638.0354461625002,2.5173590268093475,1.9966607705107875,856.0
Land Rover Discovery,gas,SUV,four wheel drive,2147.75987195,2.921,0.52,0.35,2.6,0.0,0.19,3160.428651574425,0.4180312500000001,1610.8199039625001,2.479483475964653,1.9661539991876078,845.0
Land Rover Discovery Sport,gas,SUV,all wheel drive,1830.24521295,2.74066,0.52,0.35,2.6,0.0,0.19,2693.2058308559253,0.4180312500000001,1372.6839097125,2.148072406073564,1.6992197501097674,637.0
Land Rover Range Rover,gas,SUV,four wheel drive,2374.5560569500003,2.921,0.52,0.35,2.6,0.0,0.19,3494.1592378019254,0.4180312500000001,1780.9170427125002,2.716205668744001,2.1568213199574875,982.0
Land Rover Range Rover Evoque,gas,SUV,all wheel drive,1784.88597595,2.6797,0.52,0.35,2.6,0.0,0.19,2626.459713610425,0.4180312500000001,1338.6644819625,2.1007279675176935,1.6610862859557907,637.0
Land Rover Range Rover Sport,gas,SUV,four wheel drive,2322.8465267700003,2.9235399999999996,0.52,0.35,2.6,0.0,0.19,3418.0686641420552,0.4180312500000001,1742.1348950775002,2.6622330087903117,2.113349170821954,993.0
Land Rover Range Rover Velar,gas,SUV,all wheel drive,1912.79902429,2.87274,0.52,0.35,2.6,0.0,0.19,2814.6837642427354,0.4180312500000001,1434.5992682175001,2.234239284245248,1.7686226548700041,597.0
Lexus ES,gas,Sedan,front wheel drive,1655.15855813,2.8702,0.55,0.27,2.2,0.0,0.22000000000000003,2538.514420673639,0.5457671768120128,2564.3103571120423,2.388515976745918,1.7447119750108582,572.0
Lexus GS,gas,Sedan,all wheel drive,1764.9279116700002,2.8498799999999997,0.55,0.27,2.2,0.0,0.22000000000000003,2597.0914220224054,0.27286875000000005,1323.6959337525002,2.011692675348528,1.6142011734058792,626.0
Lexus GX,gas,SUV,four wheel drive,2325.11448862,2.7889199999999996,0.52,0.35,2.6,0.0,0.19,3421.40597000433,0.4180312500000001,1743.835866465,2.6646002307181056,2.115255844029653,827.0
Lexus IS,gas,Sedan,rear wheel drive,1625.22146171,2.79908,0.55,0.27,2.2,0.0,0.22000000000000003,2288.9666792821663,0.5457042590876923,2354.900051786491,2.192699312626616,1.5951779246325204,626.0
Lexus LC,gas,Coupe,rear wheel drive,1941.3753436,2.8702,0.52,0.26,2.0,0.0,0.19,2740.4403090681353,0.47772563877435736,2815.365074716645,2.5336091698759886,1.858485119932828,780.0
Lexus LS,gas,Sedan,rear wheel drive,2135.05928559,3.1242,0.55,0.27,2.2,0.0,0.22000000000000003,3020.5019977194947,0.5457121963282079,3104.6555507661806,2.7976748826372857,2.044976543604375,780.0
Lexus LX,gas,SUV,four wheel drive,2721.55422,2.8498799999999997,0.52,0.35,2.6,0.0,0.19,4004.7670347300004,0.4180312500000001,2041.165665,3.0783906236964063,2.448542320735407,885.0
Lexus NX,gas,SUV,all wheel drive,1837.0490985,2.65938,0.52,0.35,2.6,0.0,0.19,2703.2177484427502,0.4180312500000001,1377.786823875,2.1551740718569445,1.7049397697328643,572.0
Lexus RC,gas,Coupe,rear wheel drive,1695.07468669,2.7304999999999997,0.52,0.26,2.0,0.0,0.19,2387.789751147623,0.47772209925199166,2454.0012278846425,2.2419852970724,1.6416570974820486,626.0
Lexus RX,gas,SUV,all wheel drive,1989.90972719,2.7889199999999996,0.52,0.35,2.6,0.0,0.19,2928.1521635600852,0.4180312500000001,1492.4322953925,2.3147248297902276,1.833449543931766,690.0
Lexus UX,gas,SUV,front wheel drive,1500.02996759,2.63906,0.52,0.35,2.6,0.0,0.19,2305.851955239548,0.8361126665202759,2330.610706938526,2.3336102988544822,1.6622746279126894,446.0
Lincoln Aviator,gas,SUV,rear wheel drive,2160.91405068,3.02514,0.52,0.35,2.6,0.0,0.19,3056.713782998669,0.8360241988364753,3139.0743253587293,2.9634075358080603,2.127224286648672,726.0
Lincoln Continental,gas,Sedan,all wheel drive,1915.97417088,2.99466,0.55,0.27,2.2,0.0,0.22000000000000003,2819.35599244992,0.27286875000000005,1436.98062816,2.1693496557395795,1.7411856090386226,647.0
Lincoln Corsair,gas,SUV,front wheel drive,1679.19895374,2.71018,0.52,0.35,2.6,0.0,0.19,2578.25023107434,0.836107313439044,2606.4705689782404,2.558119318100819,1.8294813919481738,593.0
Lincoln MKZ,gas,Sedan,front wheel drive,1700.5177951300002,2.8498799999999997,0.55,0.27,2.2,0.0,0.22000000000000003,2608.8680871413194,0.5457663851650798,2635.19578569826,2.446418584494339,1.7878668062679735,593.0
Lincoln Nautilus,gas,SUV,all wheel drive,1952.71515285,2.8498799999999997,0.52,0.35,2.6,0.0,0.19,2873.4203474187752,0.4180312500000001,1464.5363646375001,2.2759023901744118,1.8021801033255034,647.0
Lincoln Navigator,gas,SUV,four wheel drive,2655.78332635,3.1115,0.52,0.35,2.6,0.0,0.19,3907.9851647240253,0.4180312500000001,1991.8374947625002,3.009741187790395,2.3932487977121397,834.0
Maserati Ghibli,gas,Sedan,rear wheel drive,1809.8335563,2.9972,0.55,0.27,2.2,0.0,0.22000000000000003,2556.220251734991,0.545707649592447,2628.300490374374,2.413600361808177,1.7594609799325907,759.0
Maserati Levante,gas,SUV,all wheel drive,2109.2045205,3.0048199999999996,0.52,0.35,2.6,0.0,0.19,3103.69445191575,0.4180312500000001,1581.903390375,2.4392407031921644,1.9337405546567255,759.0
Maserati Quattroporte,gas,Sedan,rear wheel drive,1900.09843793,3.16992,0.55,0.27,2.2,0.0,0.22000000000000003,2689.5961543626267,0.5457090675535581,2764.1612828759053,2.5237102920448975,1.84139897521662,759.0
Mazda 3,gas,Sedan,front wheel drive,1392.98216827,2.7254199999999997,0.55,0.27,2.2,0.0,0.22000000000000003,2141.222773274951,0.545772762820093,2162.0064613173313,2.061077875409476,1.5008442903088686,475.0
Mazda 6,gas,Sedan,front wheel drive,1624.76786934,2.82956,0.55,0.27,2.2,0.0,0.22000000000000003,2493.4179999122794,0.5457677319456986,2518.434021925973,2.3513003845150733,1.717012800932436,590.0
Mazda CX-3,gas,SUV,all wheel drive,1358.05555578,2.57048,0.52,0.35,2.6,0.0,0.19,1998.3787503302701,0.4180312500000001,1018.5416668350001,1.655216800706959,1.3022503882668721,428.0
Mazda CX-30,gas,SUV,all wheel drive,1520.89521661,2.6543,0.52,0.35,2.6,0.0,0.19,2237.997311241615,0.4180312500000001,1140.6714124575,1.8251833351225326,1.439149524579648,457.0
Mazda CX-5,gas,SUV,all wheel drive,1668.76632923,2.69748,0.52,0.35,2.6,0.0,0.19,2455.589653461945,0.4180312500000001,1251.5747469225,1.9795262048146676,1.5634646177216138,550.0
Mazda CX-9,gas,SUV,front wheel drive,1916.42776325,2.92862,0.52,0.35,2.6,0.0,0.19,2932.9918413632836,0.8361017657921288,2966.886088070499,2.8507621626231465,2.04733196255173,683.0
Mazda MX-5 Miata,gas,Convertible,rear wheel drive,1089.98246511,2.30886,0.53,0.31,2.1,0.0,0.2,1522.7857646125137,0.5980519318439638,1567.970500084204,1.5832907976437993,1.1347945399559154,428.0
Mazda MX-5 Miata RF,gas,Convertible,rear wheel drive,1112.20849124,2.30886,0.53,0.31,2.1,0.0,0.2,1553.8371597294563,0.5980530172009503,1599.9523209852625,1.609006341690357,1.1539005176521635,428.0
McLaren 600LT Spider,gas,Convertible,rear wheel drive,1296.82058583,2.6695399999999996,0.53,0.31,2.1,0.0,0.2,1824.2199140868436,0.5980605945687255,1875.882594747007,1.8323424777031685,1.3200512289527584,683.0
McLaren 720S,gas,Coupe,rear wheel drive,1423.82644943,2.6695399999999996,0.52,0.26,2.0,0.0,0.19,2003.7383774145824,0.4777167844319351,2059.624178454631,1.9242028283561163,1.4054512040453468,683.0
McLaren 720S Spider,gas,Convertible,rear wheel drive,1472.81442539,2.667,0.53,0.31,2.1,0.0,0.2,2071.701154374916,0.5980660497051815,2130.442805765855,2.037218338022175,1.4722977594571016,683.0
McLaren GT,gas,Coupe,rear wheel drive,1534.95658008,2.67462,0.52,0.26,2.0,0.0,0.19,2160.3098689132066,0.4777191890325513,2220.556235243308,2.0537921537153805,1.5017613085094466,683.0
Mercedes-Benz A-Class,gas,Sedan,front wheel drive,1490.05093545,2.72796,0.55,0.27,2.2,0.0,0.22000000000000003,2290.336903358136,0.5457704654584357,2312.556865536864,2.183872395699704,1.5923366746972893,485.0
Mercedes-Benz AMG GT,gas,Convertible,rear wheel drive,1699.15701802,2.6289,0.53,0.31,2.1,0.0,0.2,2388.5547371982966,0.598071404348829,2456.651942170096,2.299589655529097,1.667245416615407,712.0
Mercedes-Benz C-Class,gas,Convertible,all wheel drive,1919.14931747,2.83972,0.53,0.31,2.1,0.0,0.2,2824.0282206571046,0.29905312500000003,1439.3619881025,2.184966339649441,1.7492855342330815,626.0
Mercedes-Benz CLA-Class,gas,Sedan,all wheel drive,1589.84125685,2.72796,0.55,0.27,2.2,0.0,0.22000000000000003,2339.4514094547753,0.27286875000000005,1192.3809426375,1.8289431425228755,1.4670060017715323,485.0
Mercedes-Benz E-Class,gas,Wagon,all wheel drive,2143.22394825,2.93878,0.56,0.29,2.2,0.0,0.23000000000000004,3153.754039849875,0.29308125,1607.4179611875,2.4160420160848686,1.9364262932037644,759.0
Mercedes-Benz G-Class,gas,SUV,four wheel drive,2651.24740265,2.89052,0.52,0.35,2.6,0.0,0.19,3901.310552999475,0.4180312500000001,1988.4355519874998,3.0050067439348096,2.389435451296743,949.0
Mercedes-Benz GLA-Class,gas,SUV,front wheel drive,1495.04045152,2.70002,0.52,0.35,2.6,0.0,0.19,2295.867558596495,0.8361128339575823,2320.9677941680884,2.3254881719279177,1.6561854658226758,532.0
Mercedes-Benz GLB-Class,gas,SUV,front wheel drive,1650.16904206,2.82956,0.52,0.35,2.6,0.0,0.19,2529.043706845426,0.8361081018547017,2557.6306669483097,2.517790052734398,1.7993606549622436,572.0
Mercedes-Benz GLC-Class,gas,SUV,all wheel drive,1901.00562267,2.87274,0.52,0.35,2.6,0.0,0.19,2797.329773758905,0.4180312500000001,1425.7542170025001,2.2219297302207224,1.7587079541899706,626.0
Mercedes-Benz GLC-Class Coupe,gas,SUV,all wheel drive,1920.96368695,2.87274,0.52,0.35,2.6,0.0,0.19,2826.698065346925,0.4180312500000001,1440.7227652125,2.242761283185305,1.77548667841772,626.0
Mercedes-Benz GLE-Class,gas,SUV,all wheel drive,2130.06976952,2.99466,0.52,0.35,2.6,0.0,0.19,3134.3976658486804,0.4180312500000001,1597.5523271400002,2.4610191449278664,1.9512819481675552,809.0
Mercedes-Benz Maybach,gas,Sedan,all wheel drive,2345.0725529,3.3655,0.55,0.27,2.2,0.0,0.22000000000000003,3450.77426159235,0.27286875000000005,1758.804414675,2.617228044478108,2.101928179935245,759.0
Mercedes-Benz S-Class,gas,Sedan,all wheel drive,2185.86163103,3.16484,0.55,0.27,2.2,0.0,0.22000000000000003,3216.495390060645,0.27286875000000005,1639.3962232724998,2.451049065147004,1.9680797207547867,759.0
Mercedes-Benz SL-Class,gas,Convertible,rear wheel drive,1734.9908152500002,2.58572,0.53,0.31,2.1,0.0,0.2,2437.1082885511655,0.5980721239857701,2506.9702093835267,2.339870103090377,1.6971464874189297,712.0
Mercedes-Benz SLC-Class,gas,Convertible,rear wheel drive,1599.82028899,2.43078,0.53,0.31,2.1,0.0,0.2,2240.7512099662626,0.5980692408640155,2306.279426383756,2.1776107462651577,1.5764594590567051,572.0
Mitsubishi Eclipse Cross,gas,SUV,all wheel drive,1554.91464436,2.6695399999999996,0.52,0.35,2.6,0.0,0.19,2288.05689917574,0.4180312500000001,1166.18598327,1.8606916640394355,1.4677496226951299,568.0
Mitsubishi Mirage G4,gas,Sedan,front wheel drive,985.20262764,2.55016,0.55,0.27,2.2,0.0,0.22000000000000003,1519.0620298903405,0.545787359975322,1532.940994715621,1.5485265929900933,1.1190272936500731,331.0
Mitsubishi Outlander,gas,SUV,all wheel drive,1574.8727086400002,2.6695399999999996,0.52,0.35,2.6,0.0,0.19,2317.42519076376,0.4180312500000001,1181.15453148,1.8815232170040155,1.4845283469228807,568.0
Mitsubishi Outlander Sport,gas,SUV,all wheel drive,1480.0719033100002,2.6695399999999996,0.52,0.35,2.6,0.0,0.19,2177.9258057206653,0.4180312500000001,1110.0539274825,1.782573340422252,1.4048294068410678,568.0
Nissan 370Z,gas,Coupe,rear wheel drive,1511.82336921,2.55016,0.52,0.26,2.0,0.0,0.19,2123.23858424713,0.47771871761558354,2183.328187571611,2.023309448261673,1.4790320877368295,683.0
Nissan Altima,gas,Sedan,front wheel drive,1510.00899973,2.82448,0.55,0.27,2.2,0.0,0.22000000000000003,2317.4843830605814,0.545770029714371,2340.7273688173086,2.206402083297148,1.609057992251187,583.0
Nissan Armada,gas,SUV,rear wheel drive,2591.37320981,3.0759399999999997,0.52,0.35,2.6,0.0,0.19,3667.9629594374283,0.8360305608346973,3766.398059332516,3.469101217471829,2.5031344596928604,935.0
Nissan Frontier,gas,Truck (Crew Cab),four wheel drive,2130.06976952,3.19786,0.7,0.42,2.8,0.0,0.36999999999999994,3134.3976658486804,0.540225,1597.5523271400002,2.5184311532456434,1.9766246674513988,759.0
Nissan GT-R,gas,Coupe,all wheel drive,1753.13451005,2.77876,0.52,0.26,2.0,0.0,0.19,2579.7374315385755,0.23887500000000003,1314.8508825375,1.983411359611542,1.597236242549138,701.0
Nissan Kicks,gas,Hatchback,front wheel drive,1197.03026443,2.61874,0.54,0.3,2.1,0.0,0.21000000000000002,1842.4819605526316,0.5788560228250927,1860.5465892355116,1.830644743730309,1.3244188650914448,388.0
Nissan Maxima,gas,Sedan,front wheel drive,1614.3352448300002,2.77622,0.55,0.27,2.2,0.0,0.22000000000000003,2479.4515497255306,0.5457679273334174,2503.885606698065,2.3396969064641753,1.7084055449118234,647.0
Nissan Murano,gas,SUV,all wheel drive,1872.88289573,2.82448,0.52,0.35,2.6,0.0,0.19,2755.947181066695,0.4180312500000001,1404.6621717975,2.1925761783160773,1.735065206414504,683.0
Nissan Pathfinder,gas,SUV,four wheel drive,2113.28685183,2.90068,0.52,0.35,2.6,0.0,0.19,3109.7016024678455,0.4180312500000001,1584.9651388725001,2.4435017026621897,1.9371725664305823,701.0
Nissan Rogue,gas,SUV,front wheel drive,1570.7903773100002,2.7051,0.52,0.35,2.6,0.0,0.19,2411.995888044045,0.8361104064743058,2438.3838844222973,2.4211574431939415,1.7274528267360125,521.0
Nissan Rogue Sport,gas,SUV,front wheel drive,1479.16471857,2.64668,0.52,0.35,2.6,0.0,0.19,2273.48554754485,0.8361133742283186,2297.9588941237066,2.306962887774715,1.642417748722021,521.0
Nissan Sentra,gas,Sedan,front wheel drive,1382.09595139,2.71272,0.55,0.27,2.2,0.0,0.22000000000000003,2124.9328561187617,0.5457730405946136,2145.4658879517847,2.047641835626209,1.4908413209709495,446.0
Nissan Titan,gas,Truck (Crew Cab),rear wheel drive,2619.04234438,3.55092,0.7,0.42,2.8,0.0,0.36999999999999994,3704.325689646764,1.080409161143791,3822.7454531265444,3.6183499510982164,2.5777888293597058,935.0
Nissan Titan XD,gas,Truck (Crew Cab),four wheel drive,3104.83977265,3.85064,0.7,0.42,2.8,0.0,0.36999999999999994,4568.771725454476,0.540225,2328.6298294875,3.535863137811287,2.796112812120355,935.0
Nissan Versa,gas,Sedan,front wheel drive,1178.8865696300002,2.61874,0.55,0.27,2.2,0.0,0.22000000000000003,1815.425160726258,0.5457791674736651,1832.4049549109843,1.7926342461187992,1.3008877299531687,388.0
Porsche 718 Boxster,gas,Convertible,rear wheel drive,1370.30254977,2.47396,0.53,0.31,2.1,0.0,0.2,1920.8972967264253,0.5980630426044872,1976.6809792354154,1.9126860217075055,1.3796402624182693,511.0
Porsche 718 Cayman,gas,Coupe,rear wheel drive,1376.19925058,2.47396,0.52,0.26,2.0,0.0,0.19,1930.0551602826708,0.47771563501664094,1985.1730750597826,1.863510818739352,1.3602357912624778,511.0
Porsche 911,gas,Coupe,rear wheel drive,1521.34880898,2.4511,0.52,0.26,2.0,0.0,0.19,2132.6873270100386,0.4777189134645647,2193.8167934250973,2.031307288678509,1.484909846542201,608.0
Porsche Cayenne,gas,SUV,all wheel drive,2078.36023934,2.8956,0.52,0.35,2.6,0.0,0.19,3058.30709218881,0.4180312500000001,1558.7701795050002,2.407046484974172,1.90780979903202,852.0
Porsche Cayenne Coupe,gas,SUV,all wheel drive,2115.1012213100003,2.8956,0.52,0.35,2.6,0.0,0.19,3112.371447157665,0.4180312500000001,1586.3259159825002,2.4453954802044273,1.9386979049967425,852.0
Porsche Macan,gas,SUV,all wheel drive,1859.27512463,2.8067,0.52,0.35,2.6,0.0,0.19,2735.923345893045,0.4180312500000001,1394.4563434725,2.1783728467493195,1.7236251671683134,712.0
Porsche Panamera,gas,Sedan,rear wheel drive,1885.58348209,2.94894,0.55,0.27,2.2,0.0,0.22000000000000003,2661.460789220452,0.5457088486991482,2736.909364742511,2.5008043506632487,1.82423331575269,852.0
Ram 1500,gas,Truck (Crew Cab),rear wheel drive,2223.96339011,3.8989,0.7,0.42,2.8,0.0,0.36999999999999994,3156.4684667123606,1.0804019067382575,3253.7501556864026,3.1635633028779986,2.2402946877752608,935.0
Ram 1500 Classic,gas,Truck (Quad Cab),rear wheel drive,2224.87057485,3.556,0.7,0.42,2.8,0.0,0.36999999999999994,3146.990839858126,1.0804019263468865,3247.4558108165947,3.156506334752197,2.2347562094677875,935.0
Rolls-Royce Ghost,gas,Sedan,rear wheel drive,2490.2221113,3.2943799999999994,0.55,0.27,2.2,0.0,0.22000000000000003,3529.993259170048,0.5457158050308222,3626.8507547690856,3.219023606169838,2.3582478845888986,784.0
Rolls-Royce Phantom,gas,Sedan,rear wheel drive,2560.07533628,3.55092,0.55,0.27,2.2,0.0,0.22000000000000003,3638.652598884652,0.5457163969623615,3736.3790564944716,3.308464361159186,2.4249037624807515,856.0
Subaru Ascent,gas,SUV,all wheel drive,2009.4141991,2.89052,0.52,0.35,2.6,0.0,0.19,2956.85299397565,0.4180312500000001,1507.060649325,2.335082938369251,1.8498469335179746,694.0
Subaru BRZ,gas,Coupe,rear wheel drive,1288.2023308,2.57048,0.52,0.26,2.0,0.0,0.19,1809.8323683215879,0.47771328777140076,1860.868115732961,1.7638383237439705,1.286222329435014,475.0
Subaru Crosstrek,gas,SUV,all wheel drive,1446.0524755600002,2.66446,0.52,0.35,2.6,0.0,0.19,2127.8662177865403,0.4180312500000001,1084.5393566700002,1.747065011505348,1.3762293087255861,597.0
Subaru Forester,gas,SUV,all wheel drive,1564.44008413,2.6695399999999996,0.52,0.35,2.6,0.0,0.19,2302.073583797295,0.4180312500000001,1173.3300630975,1.8706339961361669,1.4757576501674647,597.0
Subaru Impreza,gas,Sedan,all wheel drive,1349.89089312,2.6695399999999996,0.55,0.27,2.2,0.0,0.22000000000000003,1986.3644492260803,0.27286875000000005,1012.41816984,1.5784910625623256,1.2652799763969935,475.0
Subaru Legacy,gas,Sedan,all wheel drive,1587.11970263,2.7508199999999996,0.55,0.27,2.2,0.0,0.22000000000000003,2335.4466424200446,0.27286875000000005,1190.3397769725,1.8261024762095208,1.464717993922293,665.0
Subaru Outback,gas,SUV,all wheel drive,1648.3546725800002,2.7457399999999996,0.52,0.35,2.6,0.0,0.19,2425.5539007014704,0.4180312500000001,1236.266004435,1.958221207464527,1.5463045588523228,665.0
Subaru WRX,gas,Sedan,all wheel drive,1494.13326678,2.6492199999999997,0.55,0.27,2.2,0.0,0.22000000000000003,2198.6171020667703,0.27286875000000005,1120.599950085,1.7290463771699882,1.3865443924066405,572.0
Toyota 4Runner,gas,SUV,rear wheel drive,2052.50547425,2.7889199999999996,0.52,0.35,2.6,0.0,0.19,2893.877993830212,0.8360221759779343,2973.6903714844834,2.8290874371412893,2.027228919754993,827.0
Toyota 86,gas,Coupe,rear wheel drive,1259.17241912,2.57048,0.52,0.26,2.0,0.0,0.19,1769.0474135425102,0.477712441461827,1818.924471668352,1.730076578585369,1.2611327535361339,475.0
Toyota Avalon,gas,Sedan,front wheel drive,1660.1480742,2.8702,0.55,0.27,2.2,0.0,0.22000000000000003,2546.1668346575825,0.5457670876131543,2572.039233101511,2.39481833245593,1.7494075272860727,568.0
Toyota C-HR,gas,SUV,front wheel drive,1496.854821,2.63906,0.52,0.35,2.6,0.0,0.19,2300.9711074358956,0.8361127729421266,2325.6783114106192,2.3295899312167627,1.6592794952982541,475.0
Toyota Camry,gas,Sedan,front wheel drive,1470.09287117,2.82448,0.55,0.27,2.2,0.0,0.22000000000000003,2256.223155752282,0.5457709130348094,2278.863324364506,2.155950919962431,1.5714686754986134,521.0
Toyota Corolla,gas,Sedan,front wheel drive,1319.9537967,2.70002,0.55,0.27,2.2,0.0,0.22000000000000003,2029.8191213178304,0.5457747139591763,2049.3610921496124,1.9692992780978185,1.4324758248574183,475.0
Toyota Corolla Hatchback,gas,Hatchback,front wheel drive,1387.9926522,2.63906,0.54,0.3,2.1,0.0,0.21000000000000002,2135.656672812289,0.5788500343838302,2156.6813178303228,2.0721026218905485,1.5043141155105781,475.0
Toyota GR Supra,gas,Coupe,rear wheel drive,1540.8532808900002,2.46888,0.52,0.26,2.0,0.0,0.19,2160.7661268524207,0.4777193069339106,2222.5608544443903,2.0545205532396733,1.5021717760149775,493.0
Toyota Highlander,gas,SUV,all wheel drive,1964.0549621,2.8498799999999997,0.52,0.35,2.6,0.0,0.19,2890.10687673015,0.4180312500000001,1473.041221575,2.287738499813382,1.8117134693639998,644.0
Toyota Land Cruiser,gas,SUV,four wheel drive,2637.63963155,2.8498799999999997,0.52,0.35,2.6,0.0,0.19,3881.2867178258252,0.4180312500000001,1978.2297236625,2.990803412368049,2.377995412050548,885.0
Toyota RAV4,gas,SUV,all wheel drive,1639.7364175500002,2.68986,0.52,0.35,2.6,0.0,0.19,2412.872138424825,0.4180312500000001,1229.8023131625,1.9492257641389112,1.5390592006630655,521.0
Toyota Sequoia,gas,SUV,four wheel drive,2714.75033445,3.0988,0.52,0.35,2.6,0.0,0.19,3994.7551171431755,0.4180312500000001,2036.0627508375,3.071288957913024,2.442822301112312,949.0
Toyota Tacoma,gas,Truck (Double Cab),rear wheel drive,1896.0161066,3.23596,0.7,0.42,2.8,0.0,0.36999999999999994,2671.5971664697086,1.0803935888438565,2760.1158483173044,2.763332806507187,1.9424416290396869,759.0
Toyota Tundra,gas,Truck (CrewMax),four wheel drive,2571.8687379000003,3.700779999999999,0.7,0.42,2.8,0.0,0.36999999999999994,3784.5048478198505,0.540225,1928.9015534250002,2.979565984779817,2.348044608311128,1367.0
Toyota Yaris,gas,Sedan,front wheel drive,1081.81780245,2.57048,0.55,0.27,2.2,0.0,0.22000000000000003,1667.4004079143822,0.5457829065926963,1682.722059706894,1.67068443894947,1.2100444215252621,417.0
Toyota Yaris Hatchback,gas,Hatchback,front wheel drive,1086.80731852,2.57048,0.54,0.3,2.1,0.0,0.21000000000000002,1674.272036018222,0.5788604373358032,1690.4293593903258,1.69206024829071,1.2211859321222098,417.0
Volkswagen Arteon,gas,Hatchback,all wheel drive,1748.14499398,2.83718,0.54,0.3,2.1,0.0,0.21000000000000002,2572.39535864157,0.28940625000000003,1311.1087454849999,2.0019452793213577,1.603521633376496,626.0
Volkswagen Golf GTI,gas,Hatchback,front wheel drive,1388.89983694,2.6314399999999996,0.54,0.3,2.1,0.0,0.21000000000000002,2137.3350287130575,0.5788500098655432,2158.3169596460425,2.07347129053589,1.5053389329607778,475.0
Volkswagen Jetta,gas,Sedan,front wheel drive,1345.80856179,2.68478,0.55,0.27,2.2,0.0,0.22000000000000003,2070.107876690343,0.5457739989678879,2089.914205350046,2.0024485107352943,1.4571854370530453,475.0
Volkswagen Passat,gas,Sedan,front wheel drive,1508.19463025,2.80416,0.55,0.27,2.2,0.0,0.22000000000000003,2315.420959644257,0.5457700688508825,2338.487094898674,2.2046670204269523,1.6077786657801403,665.0
Volkswagen Tiguan,gas,SUV,front wheel drive,1704.1465340900002,2.7889199999999996,0.52,0.35,2.6,0.0,0.19,2613.3505858308217,0.8361066573564507,2642.5708549375768,2.587175332255146,1.851073931487331,550.0
Volvo S60,gas,Sedan,front wheel drive,1658.78729709,2.87274,0.55,0.27,2.2,0.0,0.22000000000000003,2543.984736316269,0.5457671118868948,2569.8560238572622,2.393025930669143,1.7480703315400243,521.0
Volvo V60,gas,Wagon,front wheel drive,1793.95782335,2.87274,0.56,0.29,2.2,0.0,0.23000000000000004,2752.486162535617,0.586191908764679,2779.29025105404,2.583474740508039,1.8842949317042332,521.0
Volvo V90 Cross Country,gas,Wagon,all wheel drive,1982.1986569,2.9413199999999997,0.56,0.29,2.2,0.0,0.23000000000000004,2916.8053236283504,0.29308125,1486.648992675,2.2479692592115352,1.8010524954571498,572.0
Volvo XC40,gas,SUV,front wheel drive,1621.13913038,2.70256,0.52,0.35,2.6,0.0,0.19,2489.40972055556,0.8361089185088113,2516.612232037202,2.4849228209004584,1.7749576127887334,511.0
Volvo XC60,gas,SUV,all wheel drive,1861.99667885,2.8651199999999997,0.52,0.35,2.6,0.0,0.19,2739.928112927775,0.4180312500000001,1396.4975091375,2.181213513062674,1.7259131750175492,676.0
Volvo XC90,gas,SUV,all wheel drive,1962.69418499,2.9844999999999997,0.52,0.35,2.6,0.0,0.19,2888.104493212785,0.4180312500000001,1472.0206387425,2.2863181666567045,1.8105694654393816,676.0
Audi RS 5,gas,Coupe,all wheel drive,1799.85452416,2.76606,0.52,0.26,2.0,0.0,0.19,2648.4859323014402,0.23887500000000003,1349.8908931199999,2.0321761313240843,1.636513710627733,550.0
BMW 3 Series Gran Turismo,gas,Hatchback,all wheel drive,1822.08055029,2.921,0.54,0.3,2.1,0.0,0.21000000000000002,2681.191529751735,0.28940625000000003,1366.5604127175,2.079116714167423,1.665679179947479,568.0
BMW 6 Series Gran Coupe,gas,Sedan,rear wheel drive,1889.21222105,2.96926,0.55,0.27,2.2,0.0,0.22000000000000003,2667.3272327969307,0.5457089037280062,2742.778923424856,2.505623203744376,1.8278283239998003,665.0
BMW 6 Series Gran Turismo,gas,Hatchback,all wheel drive,2024.83633968,3.07086,0.54,0.3,2.1,0.0,0.21000000000000002,2979.54667383912,0.28940625000000003,1518.6272547600001,2.2907463545121622,1.8361357647157552,647.0
BMW ALPINA B6 Gran Coupe,gas,Sedan,all wheel drive,2168.1715286000003,2.96926,0.55,0.27,2.2,0.0,0.22000000000000003,3190.464404334901,0.27286875000000005,1626.1286464500004,2.432584734110214,1.9532076697347363,665.0
Buick Cascada,gas,Convertible,front wheel drive,1804.84404023,2.69494,0.53,0.31,2.1,0.0,0.2,2773.135804911969,0.5981360769332811,2802.0896306066297,2.606537171263154,1.8996071350371233,514.0
Buick LaCrosse,gas,Sedan,front wheel drive,1741.7947008,2.90576,0.55,0.27,2.2,0.0,0.22000000000000003,2670.0070229929843,0.545765700601097,2697.417681670072,2.496879059507056,1.825421809765355,568.0
Cadillac ATS Coupe,gas,Coupe,rear wheel drive,1550.37872066,2.77622,0.52,0.26,2.0,0.0,0.19,2185.4987660774405,0.4777194954955709,2245.769722104275,2.074485579198839,1.5171982487220774,575.0
Cadillac ATS-V,gas,Coupe,rear wheel drive,1725.01178311,2.77622,0.52,0.26,2.0,0.0,0.19,2431.6710963699547,0.47772258342747315,2498.7707889320395,2.2782281690741297,1.6686210885219441,575.0
Cadillac CTS,gas,Sedan,all wheel drive,1730.0012991800002,2.91084,0.55,0.27,2.2,0.0,0.22000000000000003,2545.69691174337,0.27286875000000005,1297.500974385,1.9752374576605092,1.584838406007318,683.0
Cadillac CTS-V,gas,Sedan,rear wheel drive,1878.32600417,2.91084,0.55,0.27,2.2,0.0,0.22000000000000003,2649.802309661597,0.5457087380036131,2725.230353572984,2.491224489037228,1.817087684534301,683.0
Cadillac XT5,gas,SUV,front wheel drive,1807.56559445,2.8575,0.52,0.35,2.6,0.0,0.19,2769.1449508712417,0.836104130755299,2800.628588144833,2.7156451223070768,1.9467295672370681,698.0
Cadillac XTS,gas,Sedan,front wheel drive,1823.89491977,2.83718,0.55,0.27,2.2,0.0,0.22000000000000003,2798.6819273657156,0.5457644311072961,2826.7772638312103,2.6027156552086916,1.9043265030534013,683.0
Chevrolet Cruze,gas,Sedan,front wheel drive,1301.8101019,2.70002,0.55,0.27,2.2,0.0,0.22000000000000003,2001.917827554011,0.545775232667008,2021.1975007790688,1.946324257970294,1.4153569115151674,493.0
Chevrolet Silverado 1500 LD,gas,Truck (Double Cab),four wheel drive,2429.44073372,3.6449,0.7,0.42,2.8,0.0,0.36999999999999994,3574.9220396689802,0.540225,1822.08055029,2.830904447714384,2.228305530867641,935.0
Ferrari 488 GTB,gas,Coupe,rear wheel drive,1475.08238724,2.6492199999999997,0.52,0.26,2.0,0.0,0.19,2075.1758690558336,0.4777179385061343,2133.2031022979036,1.9833641178751524,1.4494066129756695,741.0
Ferrari 488 Spider,gas,Convertible,rear wheel drive,1524.97754794,2.6492199999999997,0.53,0.31,2.1,0.0,0.2,2144.440737125168,0.5980674246787254,2205.3879998904313,2.0974637974355197,1.5170565104629916,816.0
Ferrari Portofino,gas,Convertible,rear wheel drive,1664.23040553,2.6695399999999996,0.53,0.31,2.1,0.0,0.2,2341.0503199666423,0.5980706731095673,2407.4594275344,2.2601883557218483,1.6379936885963866,759.0
FIAT 500,gas,Hatchback,front wheel drive,1139.42403344,2.30124,0.54,0.3,2.1,0.0,0.21000000000000002,1765.0192729469109,0.5788582234451898,1780.0205008170785,1.7663259693650608,1.2766942173193425,378.0
Ford Escape,gas,SUV,front wheel drive,1611.16009824,2.68986,0.52,0.35,2.6,0.0,0.19,2474.594884238238,0.8361092060309666,2501.5393422807238,2.4726965816184134,1.7658578937153628,565.0
Ford Fiesta,gas,Sedan,front wheel drive,1169.36112986,2.4892,0.55,0.27,2.2,0.0,0.22000000000000003,1805.126237156319,0.5457795069244238,1821.0729458567143,1.7839399507778775,1.2944896965324906,446.0
Ford Flex,gas,Wagon,all wheel drive,2103.30781969,2.99466,0.56,0.29,2.2,0.0,0.23000000000000004,3095.017456673835,0.29308125,1577.4808647675,2.374378910155703,1.9028688447482651,669.0
Ford Taurus,gas,Sedan,all wheel drive,1962.69418499,2.86766,0.55,0.27,2.2,0.0,0.22000000000000003,2888.104493212785,0.27286875000000005,1472.0206387425,2.2181144274521256,1.7804630771172179,683.0
Genesis G90,gas,Sedan,rear wheel drive,2100.1326731,3.15976,0.55,0.27,2.2,0.0,0.22000000000000003,2972.381631062043,0.5457117755363298,3054.9045028511377,2.757780961690947,2.015352302325252,788.0
GMC Sierra 1500 Limited,gas,Truck (Double Cab),rear wheel drive,2314.6818641100003,3.6449,0.7,0.42,2.8,0.0,0.36999999999999994,3277.123656478293,1.0804037915229896,3380.760684711226,3.2641098626300087,2.3147651362380857,935.0
Hyundai Santa Fe XL,gas,SUV,front wheel drive,1822.08055029,2.79908,0.52,0.35,2.6,0.0,0.19,2793.77785900855,0.8361037990981801,2825.07210165682,2.7358327433141305,1.9618076004864995,676.0
INFINITI Q70,gas,Sedan,all wheel drive,1840.22424509,2.90068,0.55,0.27,2.2,0.0,0.22000000000000003,2707.8899766499353,0.27286875000000005,1380.1681838175,2.090284443351274,1.6775027239014826,719.0
INFINITI QX30,gas,SUV,front wheel drive,1535.86376482,2.70002,0.52,0.35,2.6,0.0,0.19,2358.5581169319576,0.8361114959809396,2384.3329066245237,2.37712941609145,1.6946565911016127,475.0
Jaguar XJ-Series,gas,Sedan,rear wheel drive,1764.9279116700002,3.03276,0.55,0.27,2.2,0.0,0.22000000000000003,2493.969583888299,0.5457068901526132,2564.0269351130396,2.3620114785709974,1.7211450083922941,759.0
Kia Cadenza,gas,Sedan,front wheel drive,1710.0432349,2.85496,0.55,0.27,2.2,0.0,0.22000000000000003,2623.2828776432575,0.5457662242553294,2649.7969147154404,2.458299946795606,1.7967153574819934,665.0
Lincoln MKC,gas,SUV,front wheel drive,1728.64052207,2.68986,0.52,0.35,2.6,0.0,0.19,2655.0340945472763,0.836106031627546,2683.914222481441,2.6213320619446314,1.8765871225171422,565.0
Maserati GranTurismo Convertible,gas,Convertible,rear wheel drive,1872.88289573,2.9413199999999997,0.53,0.31,2.1,0.0,0.2,2645.325084395589,0.5980746363681985,2718.210129016919,2.511570368954203,1.8249898540375908,683.0
McLaren 570GT,gas,Coupe,rear wheel drive,1349.89089312,2.6695399999999996,0.52,0.26,2.0,0.0,0.19,1899.689522518572,0.477714965329407,1952.6542344444076,1.838079421950765,1.3414467582322283,683.0
McLaren 600LT,gas,Coupe,rear wheel drive,1358.05555578,2.6695399999999996,0.52,0.26,2.0,0.0,0.19,1911.1795801144506,0.47771517593980006,1964.4668662982972,1.847589986737906,1.3485147358610388,683.0
Mercedes-Benz GLE-Class Coupe,gas,SUV,all wheel drive,2249.8181552,2.91592,0.52,0.35,2.6,0.0,0.19,3310.6074153768004,0.4180312500000001,1687.3636164,2.586008462715359,2.0519542935340542,863.0
Mercedes-Benz GLS-Class,gas,SUV,all wheel drive,2609.97049698,3.0759399999999997,0.52,0.35,2.6,0.0,0.19,3840.57158630607,0.4180312500000001,1957.477872735,2.9619233048489644,2.354733998916624,949.0
MINI Clubman,gas,Hatchback,front wheel drive,1408.40430885,2.6695399999999996,0.54,0.3,2.1,0.0,0.21000000000000002,2165.934603956283,0.5788494903627549,2187.4863076554466,2.0970900315752448,1.522911713888204,475.0
MINI Convertible,gas,Convertible,front wheel drive,1295.0062163500002,2.49428,0.53,0.31,2.1,0.0,0.2,1996.8676277474376,0.598147820689684,2016.4106467254346,1.9668436173071786,1.4231465601651128,417.0
MINI Countryman,gas,Wagon,front wheel drive,1496.854821,2.6695399999999996,0.56,0.29,2.2,0.0,0.23000000000000004,2304.1243855424577,0.5861977464175141,2324.9539325725173,2.2138730393533024,1.6090521339464514,579.0
MINI Hardtop 2 Door,gas,Hatchback,front wheel drive,1190.67997125,2.49428,0.54,0.3,2.1,0.0,0.21000000000000002,1836.9252041677987,0.5788562549692869,1854.0612989562878,1.825869022255075,1.3209354657118173,417.0
MINI Hardtop 4 Door,gas,Hatchback,front wheel drive,1247.3790175,2.5679399999999997,0.54,0.3,2.1,0.0,0.21000000000000002,1921.7286254489895,0.5788542659233509,1940.1872128464186,1.895819254255904,1.3730111404639398,417.0
Mitsubishi Mirage,gas,Hatchback,front wheel drive,940.29698301,2.4511,0.54,0.3,2.1,0.0,0.21000000000000002,1451.8845787211037,0.5788679075030397,1465.2740599451768,1.5087845966261615,1.0846829694522058,331.0
Nissan Versa Note,gas,Hatchback,front wheel drive,1122.18752338,2.60096,0.54,0.3,2.1,0.0,0.21000000000000002,1727.82669794452,0.5788589258175829,1744.6827541001155,1.7362036123400097,1.2540609350361578,388.0
Volkswagen Atlas,gas,SUV,front wheel drive,1924.13883354,2.9794199999999997,0.52,0.35,2.6,0.0,0.19,2942.7832360134885,0.836101608423529,2977.1811530762893,2.858918800224828,2.0533742938151605,669.0
Volkswagen Beetle,gas,Hatchback,front wheel drive,1381.1887666500002,2.54254,0.54,0.3,2.1,0.0,0.21000000000000002,2128.8765855071088,0.5788502192976956,2149.067124818965,2.0663437211267075,1.5000890766163635,521.0
Volkswagen Beetle Convertible,gas,Convertible,front wheel drive,1469.18568643,2.54254,0.53,0.31,2.1,0.0,0.2,2263.3904965827574,0.598142891889567,2285.8937378227733,2.186412855553278,1.5867108115544521,521.0
Volkswagen Golf,gas,Hatchback,front wheel drive,1335.82952965,2.63652,0.54,0.3,2.1,0.0,0.21000000000000002,2055.4854524737484,0.578851500199252,2075.7188897277842,2.0060779114795912,1.4551216723614018,475.0
Volkswagen Golf Alltrack,gas,Wagon,all wheel drive,1539.94609615,2.6289,0.56,0.29,2.2,0.0,0.23000000000000004,2266.030680484725,0.29308125,1154.9595721125,1.7863609832918013,1.4292512199558756,521.0
Volkswagen Golf R,gas,Hatchback,all wheel drive,1529.96706401,2.6289,0.54,0.3,2.1,0.0,0.21000000000000002,2251.346534690715,0.28940625000000003,1147.4752980075,1.774218529867621,1.42009967079587,521.0
Volkswagen Golf SportWagen,gas,Wagon,front wheel drive,1350.79807786,2.6289,0.56,0.29,2.2,0.0,0.23000000000000004,2080.780025454138,0.58620155781261,2099.30655831873,2.029915922152019,1.4720013454849692,475.0
Volkswagen Jetta GLI,gas,Sedan,front wheel drive,1459.20665429,2.6822399999999997,0.55,0.27,2.2,0.0,0.22000000000000003,2244.6319040145663,0.545771162328191,2266.048195169742,2.14615161828591,1.5642626083232094,475.0
Volvo S90,gas,Sedan,front wheel drive,1755.4024719,3.0607,0.55,0.27,2.2,0.0,0.22000000000000003,2685.1940524955953,0.5457654819772894,2713.99469508177,2.509669527205934,1.8348452782922082,521.0
Volvo V90,gas,Wagon,front wheel drive,1767.64946589,2.9413199999999997,0.56,0.29,2.2,0.0,0.23000000000000004,2709.4245331681377,0.5861923464916069,2736.4240798059004,2.548153027544667,1.8579250133231102,521.0
Aston Martin Vanquish S,gas,Coupe,rear wheel drive,1739.0731465800002,2.74066,0.52,0.26,2.0,0.0,0.19,2450.156641796425,0.47772280509002585,2518.0308603341014,2.29358735797025,1.680013835766949,737.0
Audi A6,gas,Sedan,front wheel drive,1725.01178311,2.91084,0.55,0.27,2.2,0.0,0.22000000000000003,2644.087831231858,0.5457659749878057,2671.278496410985,2.475541488410465,1.80952097797815,712.0
Audi A7,gas,Sedan,all wheel drive,1974.94117898,2.91338,0.55,0.27,2.2,0.0,0.22000000000000003,2906.12594486907,0.27286875000000005,1481.205884235,2.2308974258622074,1.7907591124387945,712.0
Audi A8,gas,Sedan,all wheel drive,2024.83633968,3.12166,0.55,0.27,2.2,0.0,0.22000000000000003,2979.54667383912,0.27286875000000005,1518.6272547600001,2.2829763082736663,1.832705923008167,780.0
Audi RS 7,gas,Sedan,all wheel drive,2039.80488789,2.91592,0.55,0.27,2.2,0.0,0.22000000000000003,3001.572892530135,0.27286875000000005,1529.8536659175,2.298599972997103,1.8452899661789819,712.0
Audi S6,gas,Sedan,all wheel drive,2034.81537182,2.91592,0.55,0.27,2.2,0.0,0.22000000000000003,2994.2308196331305,0.27286875000000005,1526.111528865,2.29339208475596,1.8410952851220417,712.0
Audi S7,gas,Sedan,all wheel drive,2034.81537182,2.91592,0.55,0.27,2.2,0.0,0.22000000000000003,2994.2308196331305,0.27286875000000005,1526.111528865,2.29339208475596,1.8410952851220417,712.0
Audi S8,gas,Sedan,all wheel drive,2125.0802534500003,2.99466,0.55,0.27,2.2,0.0,0.22000000000000003,3127.055592951676,0.27286875000000005,1593.8101900875004,2.3876075174821403,1.9169808787884581,780.0
BMW 6 Series,gas,Convertible,rear wheel drive,1927.7675725,2.85496,0.53,0.31,2.1,0.0,0.2,2719.5440949094477,0.5980755363694681,2795.157959068255,2.5731501523916047,1.870699264505686,665.0
Cadillac ATS,gas,Sedan,all wheel drive,1606.62417454,2.77622,0.55,0.27,2.2,0.0,0.22000000000000003,2364.14747283561,0.27286875000000005,1204.968130905,1.8464605847885456,1.481115383508504,575.0
Ferrari 812 Superfast,gas,Coupe,rear wheel drive,1630.21097778,2.72034,0.52,0.26,2.0,0.0,0.19,2296.0524271144936,0.47772098920499884,2359.777988551283,2.166073082234336,1.5852336170274939,874.0
Ford Focus,gas,Sedan,front wheel drive,1328.11845936,2.6492199999999997,0.55,0.27,2.2,0.0,0.22000000000000003,2044.1406632878522,0.545774485164785,2063.43580924341,1.9810050963369368,1.4412306124152798,446.0
Jeep Wrangler JK,gas,SUV,four wheel drive,1936.38582753,2.42316,0.52,0.35,2.6,0.0,0.19,2849.391745210395,0.4180312500000001,1452.2893706475,2.258858392294303,1.788452056230074,669.0
Kia K900,gas,Sedan,rear wheel drive,1949.08641389,3.04546,0.55,0.27,2.2,0.0,0.22000000000000003,2754.6548636117222,0.5457097821234128,2831.9739398958654,2.577772362915792,1.8814973867428235,712.0
Lincoln MKT,gas,Wagon,front wheel drive,2132.7913237400003,2.99466,0.56,0.29,2.2,0.0,0.23000000000000004,3266.684820496838,0.5861872363787592,3299.6954312819366,3.007201863656895,2.1998999150374483,669.0
Lincoln MKX,gas,SUV,front wheel drive,1890.57299816,2.8498799999999997,0.52,0.35,2.6,0.0,0.19,2896.628501168559,0.8361023028083708,2929.482392716786,2.820659569227588,2.0249620722858284,647.0
Maserati GranTurismo,gas,Coupe,rear wheel drive,1872.88289573,2.9413199999999997,0.52,0.26,2.0,0.0,0.19,2646.361410135774,0.4777247479276973,2718.1920634310154,2.455635018565146,1.8005754528347733,816.0
Mercedes-Benz CLS-Class,gas,Sedan,all wheel drive,2004.8782754,2.87528,0.55,0.27,2.2,0.0,0.22000000000000003,2950.1783822510997,0.27286875000000005,1503.6587065499998,2.262144755309083,1.8159271987804184,759.0
Toyota Corolla iM,gas,Hatchback,front wheel drive,1374.83847347,2.60096,0.54,0.3,2.1,0.0,0.21000000000000002,2116.832142873824,0.5788503935353794,2137.380487109629,2.0565334070758134,1.4927389775227553,503.0
Toyota Yaris iA,gas,Sedan,front wheel drive,1081.81780245,2.57048,0.55,0.27,2.2,0.0,0.22000000000000003,1667.4004079143822,0.5457829065926963,1682.722059706894,1.67068443894947,1.2100444215252621,417.0
Volkswagen Tiguan Limited,gas,SUV,front wheel drive,1544.02842748,2.6035,0.52,0.35,2.6,0.0,0.19,2374.9349552753683,0.8361112368763299,2400.1434312428046,2.390450271241108,1.704643777043417,608.0
Volvo S60 Cross Country,gas,Sedan,all wheel drive,1747.2378092400002,2.77368,0.55,0.27,2.2,0.0,0.22000000000000003,2571.06043629666,0.27286875000000005,1310.42835693,1.9932283443117425,1.599329122385829,640.0
Volvo V60 Cross Country,gas,Wagon,all wheel drive,1778.0820904000002,2.77368,0.56,0.29,2.2,0.0,0.23000000000000004,2616.4477960236004,0.29308125,1333.5615678000001,2.0349192857101177,1.6294519067642534,640.0
Aston Martin Rapide S,gas,Sedan,rear wheel drive,1989.90972719,2.98958,0.55,0.27,2.2,0.0,0.22000000000000003,2810.273306774348,0.5457103507242101,2889.6185235589783,2.6239148468823963,1.9157496185572387,859.0
Aston Martin V12 Vantage S,gas,Coupe,rear wheel drive,1665.13759027,2.60096,0.52,0.26,2.0,0.0,0.19,2340.640433449703,0.4777215976680413,2406.5125482121903,2.2031837766984377,1.612737001998705,759.0
Aston Martin Vanquish,gas,Coupe,rear wheel drive,1739.0731465800002,2.74066,0.52,0.26,2.0,0.0,0.19,2450.156641796425,0.47772280509002585,2518.0308603341014,2.29358735797025,1.680013835766949,737.0
Audi SQ5,gas,SUV,all wheel drive,2004.8782754,2.8067,0.52,0.35,2.6,0.0,0.19,2950.1783822510997,0.4180312500000001,1503.6587065499998,2.3303484945136623,1.8460335871025775,712.0
BMW 5 Series Gran Turismo,gas,Hatchback,rear wheel drive,2036.6297413,3.07086,0.54,0.3,2.1,0.0,0.21000000000000002,2880.4036149689755,0.5787843658025704,2959.9312110802043,2.697094218921332,1.9655976982962606,665.0
Buick Regal,gas,Sedan,front wheel drive,1689.63157825,2.73812,0.55,0.27,2.2,0.0,0.22000000000000003,2596.68012833989,0.5457665712836632,2621.904556954265,2.436156721725169,1.7803052801863934,647.0
Buick Verano,gas,Sedan,front wheel drive,1496.854821,2.68478,0.55,0.27,2.2,0.0,0.22000000000000003,2302.445565580765,0.5457703156037895,2324.422935303565,2.1937617773609026,1.5997358677824705,561.0
Chevrolet SS,gas,Sedan,rear wheel drive,1813.00870289,2.91592,0.55,0.27,2.2,0.0,0.22000000000000003,2557.841574643241,0.5457077018662526,2630.597783209579,2.4150863603309047,1.7605116079247427,676.0
Chevrolet Traverse,gas,SUV,front wheel drive,2137.78083981,3.02006,0.52,0.35,2.6,0.0,0.19,3267.7975661369132,0.8360976998643378,3306.293038769626,3.1267873589531163,2.2528762260867436,791.0
Dodge Viper,gas,Coupe,rear wheel drive,1530.42065638,2.50952,0.52,0.26,2.0,0.0,0.19,2147.7715226192727,0.4777190977210056,2208.870929741082,2.043689174684825,1.4941503656689255,575.0
Ferrari GTC4Lusso,gas,Coupe,all wheel drive,1920.05650221,2.98958,0.52,0.26,2.0,0.0,0.19,2825.363143002015,0.23887500000000003,1440.0423766575,2.1576388934971398,1.7375673906357714,863.0
Hyundai Azera,gas,Sedan,front wheel drive,1671.03429108,2.8448,0.55,0.27,2.2,0.0,0.22000000000000003,2563.8306017759646,0.5457668948465465,2589.6688788190177,2.409317718182955,1.7602282882262343,665.0
Hyundai Santa Fe Sport,gas,SUV,all wheel drive,1768.10305826,2.70002,0.52,0.35,2.6,0.0,0.19,2601.76365022959,0.4180312500000001,1326.077293695,2.083210525252025,1.646976904218818,626.0
INFINITI QX70,gas,SUV,rear wheel drive,1909.17028533,2.8854399999999996,0.52,0.35,2.6,0.0,0.19,2695.5593059991784,0.8360191487557689,2769.1378426438127,2.664782982569629,1.9051792648077868,856.0
Mitsubishi Lancer,gas,Sedan,all wheel drive,1425.18722654,2.63398,0.55,0.27,2.2,0.0,0.22000000000000003,2097.16300385361,0.27286875000000005,1068.890419905,1.6570828305650678,1.328581526892596,521.0
Rolls-Royce Phantom Drophead Coupe,gas,Convertible,rear wheel drive,2719.2862581500003,3.3197799999999997,0.53,0.31,2.1,0.0,0.2,3858.4708826298797,0.5980844759626527,3961.3226829525015,3.5147767015895504,2.5708942618009116,759.0
Rolls-Royce Wraith,gas,Coupe,rear wheel drive,2440.3269506,3.1115,0.52,0.26,2.0,0.0,0.19,3455.6685915146386,0.4777306194455065,3548.093013917165,3.1250258110890456,2.298229896385886,788.0
smart fortwo,gas,Hatchback,rear wheel drive,929.8643585,1.87198,0.54,0.3,2.1,0.0,0.21000000000000002,1283.1616535108244,0.5787508837177606,1325.0539006945992,1.3766668526386525,0.9836807239331367,313.0
Volkswagen CC,gas,Sedan,front wheel drive,1528.15269453,2.71018,0.55,0.27,2.2,0.0,0.22000000000000003,2349.58963046466,0.545769643460974,2372.2237266802063,2.2326309127144404,1.6286793243607793,665.0
Volkswagen Touareg,gas,SUV,all wheel drive,2130.06976952,2.89306,0.52,0.35,2.6,0.0,0.19,3134.3976658486804,0.4180312500000001,1597.5523271400002,2.4610191449278664,1.9512819481675552,949.0
Aston Martin DB9 GT,gas,Coupe,rear wheel drive,1784.88597595,2.74066,0.52,0.26,2.0,0.0,0.19,2514.701717649696,0.47772350305660455,2584.3734056190065,2.34700913025747,1.7197166684952476,741.0
Aston Martin V8 Vantage,gas,Coupe,rear wheel drive,1609.7993211300002,2.60096,0.52,0.26,2.0,0.0,0.19,2262.8528734167785,0.4777206213867381,2326.5233073102568,2.138793493637967,1.5648854573549191,759.0
Audi allroad,gas,Wagon,all wheel drive,1764.9279116700002,2.80416,0.56,0.29,2.2,0.0,0.23000000000000004,2597.0914220224054,0.29308125,1323.6959337525002,2.0211893985289153,1.618393202159599,579.0
Bentley Continental GT,gas,Convertible,all wheel drive,2495.2116273700003,2.7432,0.53,0.31,2.1,0.0,0.2,3671.7039096749554,0.29905312500000003,1871.4087205275002,2.786240709308986,2.233580528988585,863.0
Cadillac SRX,gas,SUV,all wheel drive,2014.85730754,2.8067,0.52,0.35,2.6,0.0,0.19,2964.8625280451097,0.4180312500000001,1511.142980655,2.340764270995956,1.8544229492164523,755.0
Chevrolet Cruze Limited,gas,Sedan,front wheel drive,1414.30100966,2.68478,0.55,0.27,2.2,0.0,0.22000000000000003,2175.462204085099,0.5457722312328707,2196.2529988124525,2.089200126367946,1.5218254019371156,561.0
Dodge Dart,gas,Sedan,front wheel drive,1397.51809197,2.70256,0.55,0.27,2.2,0.0,0.22000000000000003,2149.006156562078,0.5457726483580436,2169.688273544426,2.06744712477968,1.5056050432236399,475.0
Ferrari California T,gas,Convertible,rear wheel drive,1729.54770681,2.6695399999999996,0.53,0.31,2.1,0.0,0.2,2432.931281011939,0.5980720165944641,2501.961975585492,2.3362496345371095,1.6945166995657701,741.0
Ferrari F12 Berlinetta,gas,Coupe,rear wheel drive,1630.21097778,2.72034,0.52,0.26,2.0,0.0,0.19,2296.0524271144936,0.47772098920499884,2359.777988551283,2.166073082234336,1.5852336170274939,874.0
Hyundai Equus,gas,Sedan,rear wheel drive,2065.20606061,3.04546,0.55,0.27,2.2,0.0,0.22000000000000003,2918.767417738927,0.5457113405125132,3000.715211021033,2.713616013957369,1.9824508559743919,730.0
Hyundai Genesis,gas,Sedan,all wheel drive,1948.17922915,3.0099,0.55,0.27,2.2,0.0,0.22000000000000003,2866.7457356942255,0.27286875000000005,1461.1344218625,2.202964207114246,1.768260368587946,730.0
Hyundai Genesis Coupe,gas,Coupe,rear wheel drive,1604.80980506,2.8194,0.52,0.26,2.0,0.0,0.19,2263.6848989508503,0.4777205300525887,2325.839671532809,2.1391306431655277,1.5652671702427063,619.0
Land Rover LR4,gas,SUV,four wheel drive,2565.06485235,2.8854399999999996,0.52,0.35,2.6,0.0,0.19,3774.4929302330247,0.4180312500000001,1923.7986392624998,2.9150523106786563,2.316981869404188,820.0
Lincoln MKS,gas,Sedan,all wheel drive,1991.72409667,2.86766,0.55,0.27,2.2,0.0,0.22000000000000003,2930.822008249905,0.27286875000000005,1493.7930725025,2.24841486812788,1.8048684941757638,683.0
Mercedes-Benz GL-Class,gas,SUV,all wheel drive,2436.24461927,3.0759399999999997,0.52,0.35,2.6,0.0,0.19,3584.9339572558047,0.4180312500000001,1827.1834644525,2.780594105179984,2.208682831206894,949.0
MINI Cooper,gas,Hatchback,front wheel drive,1190.67997125,2.49428,0.54,0.3,2.1,0.0,0.21000000000000002,1836.9252041677987,0.5788562549692869,1854.0612989562878,1.825869022255075,1.3209354657118173,417.0
MINI Cooper Clubman,gas,Hatchback,front wheel drive,1367.58099555,2.6695399999999996,0.54,0.3,2.1,0.0,0.21000000000000002,2103.1538907981294,0.5788505946457085,2124.0937755580817,2.0453889610038543,1.4843905989928257,475.0
MINI Cooper Countryman,gas,Wagon,front wheel drive,1339.91186098,2.59588,0.56,0.29,2.2,0.0,0.23000000000000004,2065.2410002393767,0.5862018751686633,2083.3583176544107,2.0170603970451664,1.4624451011582442,446.0
MINI Cooper Paceman,gas,Hatchback,front wheel drive,1333.5615678,2.59588,0.54,0.3,2.1,0.0,0.21000000000000002,2053.464525273839,0.5788515665318517,2073.3726545415598,2.004343858438836,1.4538558441572902,446.0
Porsche Boxster,gas,Convertible,rear wheel drive,1309.97476456,2.47396,0.53,0.31,2.1,0.0,0.2,1836.329491210168,0.598061052977036,1889.6389795454866,1.8426644030070753,1.3276107985183103,608.0
Porsche Cayman,gas,Coupe,rear wheel drive,1309.97476456,2.47396,0.52,0.26,2.0,0.0,0.19,1837.1784122928,0.4777138978902172,1889.624961377107,1.7866201455975141,1.3030983110465932,608.0
Rolls-Royce Phantom Coupe,gas,Coupe,rear wheel drive,2628.56778415,3.3197799999999997,0.52,0.26,2.0,0.0,0.19,3731.048394947078,0.4777320072897595,3829.134047709529,3.352489089858342,2.46745093635706,949.0
Scion FR-S,gas,Coupe,rear wheel drive,1251.00775646,2.57048,0.52,0.26,2.0,0.0,0.19,1757.5766450108943,0.47771219636107576,1807.1278217751808,1.7205810844348108,1.2540763088469906,475.0
Scion iA,gas,Sedan,front wheel drive,1081.81780245,2.57048,0.55,0.27,2.2,0.0,0.22000000000000003,1667.4004079143822,0.5457829065926963,1682.722059706894,1.67068443894947,1.2100444215252621,417.0
Scion iM,gas,Hatchback,front wheel drive,1374.83847347,2.60096,0.54,0.3,2.1,0.0,0.21000000000000002,2116.832142873824,0.5788503935353794,2137.380487109629,2.0565334070758134,1.4927389775227553,503.0
Scion tC,gas,Hatchback,front wheel drive,1417.02256388,2.70002,0.54,0.3,2.1,0.0,0.21000000000000002,2178.0794022011164,0.5788492653710666,2199.9808270890244,2.107144330717653,1.530383095771233,521.0
Volkswagen Eos,gas,Convertible,front wheel drive,1591.20203396,2.5781,0.53,0.31,2.1,0.0,0.2,2449.77964516922,0.5981400819196369,2474.418113065969,2.339980772502544,1.7011028781518127,521.0
Volvo S80,gas,Sedan,front wheel drive,1686.9100240300002,2.83464,0.55,0.27,2.2,0.0,0.22000000000000003,2588.584209195981,0.5457666181886749,2614.581607519208,2.4296840904984847,1.7754097489371277,665.0
Volvo XC70,gas,Wagon,all wheel drive,1783.07160647,2.81432,0.56,0.29,2.2,0.0,0.23000000000000004,2623.7898689206054,0.29308125,1337.3037048525,2.0401271739512628,1.6336465878211903,665.0
Aston Martin DB9,gas,Coupe,rear wheel drive,1784.88597595,2.74066,0.52,0.26,2.0,0.0,0.19,2514.701717649696,0.47772350305660455,2584.3734056190065,2.34700913025747,1.7197166684952476,741.0
Bentley Continental GT3-R,gas,Coupe,all wheel drive,2194.93347843,2.7457399999999996,0.52,0.26,2.0,0.0,0.19,3229.844613509745,0.23887500000000003,1646.2001088225,2.444546191145712,1.9686561834088725,863.0
Cadillac CTS-V Coupe,gas,Coupe,rear wheel drive,1912.79902429,2.88036,0.52,0.26,2.0,0.0,0.19,2700.4898230521376,0.4777252748522578,2774.241353904067,2.5005296794232073,1.8339057454388095,647.0
Ferrari 458 Italia,gas,Convertible,rear wheel drive,1534.95658008,2.6492199999999997,0.53,0.31,2.1,0.0,0.2,2158.4733653871417,0.5980676770689819,2219.821999517422,2.109080593504587,1.5256891472105276,816.0
Ferrari FF,gas,Coupe,all wheel drive,1880.14037365,2.98958,0.52,0.26,2.0,0.0,0.19,2766.626559825975,0.23887500000000003,1410.1052802375,2.115975787567976,1.7040099421802746,863.0
Honda Crosstour,gas,Hatchback,front wheel drive,1679.65254611,2.79654,0.54,0.3,2.1,0.0,0.21000000000000002,2577.7979123519153,0.5788435163540697,2604.4688218221977,2.4365200971200265,1.7757173177866719,665.0
INFINITI Q40,gas,Sedan,all wheel drive,1733.17644577,2.8498799999999997,0.55,0.27,2.2,0.0,0.22000000000000003,2550.369139950555,0.27286875000000005,1299.8823343275,1.9785515683594217,1.5875077484980964,719.0
Jaguar XK-Series,gas,Convertible,rear wheel drive,1779.89645988,2.7508199999999996,0.53,0.31,2.1,0.0,0.2,2507.0189463596503,0.5980729849036995,2577.495612879837,2.3974285958636896,1.7400372162200888,579.0
Jeep Patriot,gas,SUV,four wheel drive,1510.91618447,2.63398,0.52,0.35,2.6,0.0,0.19,2223.313165447605,0.4180312500000001,1133.1871383525,1.8147675586402403,1.430760162465773,485.0
Land Rover LR2,gas,SUV,all wheel drive,1774.90694381,2.65938,0.52,0.35,2.6,0.0,0.19,2611.775567816415,0.4180312500000001,1331.1802078575001,2.0903121910354034,1.652696923841917,665.0
McLaren 650S Coupe,gas,Coupe,rear wheel drive,1467.82490932,2.6695399999999996,0.52,0.26,2.0,0.0,0.19,2065.6570211257053,0.47771777999521403,2123.2811390005927,1.9754541397717498,1.4435397212464125,683.0
McLaren 650S Spider,gas,Convertible,rear wheel drive,1369.8489574,2.6695399999999996,0.53,0.31,2.1,0.0,0.2,1926.9479330333222,0.5980630282986872,1981.5416936096863,1.9173836507703859,1.38324728860376,683.0
Mercedes-Benz GLK-Class,gas,SUV,rear wheel drive,1845.21376116,2.7559,0.52,0.35,2.6,0.0,0.19,2600.3085816264424,0.8360176462675722,2672.2442287948497,2.5861775568217182,1.8466740763097145,626.0
Mercedes-Benz M-Class,gas,SUV,all wheel drive,2155.01734987,2.91592,0.52,0.35,2.6,0.0,0.19,3171.1080303337053,0.4180312500000001,1616.2630124025,2.487058586133592,1.9722553534522433,885.0
Mercedes-Benz SLK-Class,gas,Convertible,rear wheel drive,1470.09287117,2.43078,0.53,0.31,2.1,0.0,0.2,2059.0515087895255,0.5980659752893872,2119.23183180855,2.0271577047097256,1.4646681169253994,665.0
MINI Cooper Coupe,gas,Hatchback,front wheel drive,1159.83569009,2.46634,0.54,0.3,2.1,0.0,0.21000000000000002,1790.322176859653,0.578857418689844,1806.8324067301198,1.7874515208033317,1.2923262467201795,475.0
MINI Cooper Roadster,gas,Convertible,front wheel drive,1195.21589495,2.46634,0.53,0.31,2.1,0.0,0.2,1843.9938978087657,0.5981512918183819,1861.8759972233072,1.840910580356786,1.3293316926348853,475.0
Mitsubishi Lancer Evolution,gas,Sedan,all wheel drive,1599.82028899,2.6492199999999997,0.55,0.27,2.2,0.0,0.22000000000000003,2354.1355552487853,0.27286875000000005,1199.8652167425,1.839358919005164,1.4753953638854076,521.0
Nissan Rogue Select,gas,SUV,all wheel drive,1554.91464436,2.68986,0.52,0.35,2.6,0.0,0.19,2288.05689917574,0.4180312500000001,1166.18598327,1.8606916640394355,1.4677496226951299,572.0
Scion xB,gas,Wagon,front wheel drive,1398.87886908,2.60096,0.56,0.29,2.2,0.0,0.23000000000000004,2155.928571555791,0.5862002152457437,2174.864051045182,2.0917282613967854,1.518083802184324,503.0
Subaru XV Crosstrek,gas,SUV,all wheel drive,1455.12432296,2.63398,0.52,0.35,2.6,0.0,0.19,2141.21544123564,0.4180312500000001,1091.3432422199999,1.756533899216522,1.3838560015563817,572.0
Toyota Venza,gas,Wagon,front wheel drive,1705.5073112,2.77622,0.56,0.29,2.2,0.0,0.23000000000000004,2620.6647250399665,0.5861934340584465,2645.330757523007,2.4747220877347145,1.8033393779262819,637.0
Land Rover Discovery,diesel,SUV,four wheel drive,2222.602613,2.9235399999999996,0.52,0.35,2.6,0.0,0.19,3270.5597450295,0.4180312500000001,1666.95195975,2.3018416196236564,1.8261667935375037,793.0
Land Rover Range Rover,diesel,SUV,four wheel drive,2240.7463078,2.921,0.52,0.35,2.6,0.0,0.19,3297.2581919277004,0.4180312500000001,1680.55973085,2.3188856175037693,1.8398948406329352,800.0
Land Rover Range Rover Sport,diesel,SUV,four wheel drive,2164.99638201,2.9235399999999996,0.52,0.35,2.6,0.0,0.19,3185.7921761277153,0.4180312500000001,1623.7472865075001,2.247726926354296,1.7825802440095087,800.0
Chevrolet Equinox,diesel,SUV,all wheel drive,1655.6121505,2.7254199999999997,0.52,0.35,2.6,0.0,0.19,2436.23327946075,0.4180312500000001,1241.709112875,1.7692166858701206,1.397165321805264,550.0
GMC Terrain,diesel,SUV,all wheel drive,1730.4548915500002,2.7254199999999997,0.52,0.35,2.6,0.0,0.19,2546.3643729158252,0.4180312500000001,1297.8411686625002,1.8395231771255869,1.4537935160739206,550.0
Jaguar F-PACE,diesel,SUV,all wheel drive,1769.0102430000002,2.87274,0.52,0.35,2.6,0.0,0.19,2603.0985725745004,0.4180312500000001,1326.75768225,1.875741672620826,1.4829656161517126,561.0
Jaguar XE,diesel,Sedan,all wheel drive,1607.98495165,2.83464,0.55,0.27,2.2,0.0,0.22000000000000003,2366.1498563529753,0.27286875000000005,1205.9887137375001,1.663092826150701,1.3340334486898129,522.0
Jaguar XF,diesel,Sedan,rear wheel drive,1657.88011235,2.9591,0.55,0.27,2.2,0.0,0.22000000000000003,2340.390118018922,0.5457049138523079,2406.618127129644,2.0115009271940267,1.4640419615406952,613.0
Land Rover Range Rover Velar,diesel,SUV,all wheel drive,1977.20914083,2.87274,0.52,0.35,2.6,0.0,0.19,2909.463250731345,0.4180312500000001,1482.9068556225,2.0713215482951264,1.6404949565717906,561.0
Mazda CX-5,diesel,SUV,all wheel drive,1787.1539378,2.69748,0.52,0.35,2.6,0.0,0.19,2629.7970194727,0.4180312500000001,1340.36545335,1.89278567050094,1.4966936632471444,539.0
BMW 3 Series,diesel,Sedan,rear wheel drive,1592.1092187000002,2.80924,0.55,0.27,2.2,0.0,0.22000000000000003,2242.6790920239864,0.5457035678069266,2307.19436706775,1.938923170708875,1.4100251868828684,529.0
BMW 5 Series,diesel,Sedan,all wheel drive,1909.17028533,2.97434,0.55,0.27,2.2,0.0,0.22000000000000003,2809.344074863095,0.27286875000000005,1431.8777139975,1.9460231909605796,1.5619190304739783,613.0
BMW X5,diesel,SUV,all wheel drive,2211.2628037500003,2.9337,0.52,0.35,2.6,0.0,0.19,3253.8732157181257,0.4180312500000001,1658.4471028125004,2.291189120948583,1.81758676410286,790.0
BMW X3,diesel,SUV,all wheel drive,1918.6957251,2.80924,0.52,0.35,2.6,0.0,0.19,2823.36075948465,0.4180312500000001,1439.0217938249998,2.0163546551317606,1.5962220046890252,624.0
Audi A3,diesel,Sedan,front wheel drive,1470.09287117,2.63652,0.55,0.27,2.2,0.0,0.22000000000000003,2263.1580643897214,0.5457709130348094,2284.361938061426,1.945186687905165,1.418037056977578,465.0
Audi A6,diesel,Sedan,all wheel drive,1940.01456649,2.91338,0.55,0.27,2.2,0.0,0.22000000000000003,2854.731434590035,0.27286875000000005,1455.0109248675,1.9749979873567722,1.5852567105362112,677.0
Audi A7,diesel,Sedan,all wheel drive,1945.00408256,2.91338,0.55,0.27,2.2,0.0,0.22000000000000003,2862.07350748704,0.27286875000000005,1458.75306192,1.979685086773801,1.5890319234874553,698.0
Audi A8,diesel,Sedan,all wheel drive,2070.19557668,3.12166,0.55,0.27,2.2,0.0,0.22000000000000003,3046.2927910846206,0.27286875000000005,1552.6466825100001,2.097288672146583,1.6837554484459358,839.0
Audi Q5,diesel,SUV,all wheel drive,2029.82585575,2.8067,0.52,0.35,2.6,0.0,0.19,2986.888746736125,0.4180312500000001,1522.3693918125,2.120749142147455,1.6803062931485437,698.0
Mercedes-Benz E-Class,diesel,Sedan,rear wheel drive,1890.11940579,2.87528,0.55,0.27,2.2,0.0,0.22000000000000003,2665.0782641451374,0.5457089174522082,2741.243490171925,2.2535451803302218,1.6438594963362347,744.0
Mercedes-Benz GL-Class,diesel,SUV,all wheel drive,2479.78948679,3.0759399999999997,0.52,0.35,2.6,0.0,0.19,3649.0102298114853,0.4180312500000001,1859.8421150925,2.5434402895742605,2.020761861115249,931.0
Porsche Cayenne,diesel,SUV,all wheel drive,2184.9544462900003,2.8956,0.52,0.35,2.6,0.0,0.19,3215.1604677157356,0.4180312500000001,1638.7158347175002,2.266475324022423,1.7976810958144829,931.0
Ram 1500,diesel,Truck (Quad Cab),rear wheel drive,2465.27453095,3.5687,0.7,0.42,2.8,0.0,0.36999999999999994,3487.5137547942577,1.080406614029347,3598.751949479585,3.094776680144188,2.1998944932034714,917.0
Volkswagen Touareg,diesel,SUV,all wheel drive,2231.22086803,2.89306,0.52,0.35,2.6,0.0,0.19,3283.241507306145,0.4180312500000001,1673.4156510225,2.3099375186167115,1.8326876159078338,931.0
Audi Q7,diesel,SUV,all wheel drive,2454.84190644,3.00228,0.52,0.35,2.6,0.0,0.19,3612.29986532646,0.4180312500000001,1841.13142983,2.520004792489102,2.0018857963590277,931.0
BMW 7 Series,diesel,Sedan,all wheel drive,2125.0802534500003,3.21056,0.55,0.27,2.2,0.0,0.22000000000000003,3127.055592951676,0.27286875000000005,1593.8101900875004,2.148846765733926,1.7252827909096142,744.0
Chevrolet Cruze,diesel,Sedan,front wheel drive,1574.41911627,2.68478,0.55,0.27,2.2,0.0,0.22000000000000003,2421.754108524495,0.545768698812333,2444.846337171588,2.0628034687238928,1.5056437475558642,550.0
Mercedes-Benz GLK-Class,diesel,SUV,all wheel drive,1925.95320302,2.7559,0.52,0.35,2.6,0.0,0.19,2834.0401382439304,0.4180312500000001,1444.464902265,2.023172254283806,1.6017132235271971,550.0
Volkswagen Beetle,diesel,Hatchback,front wheel drive,1446.9596603,2.54,0.54,0.3,2.1,0.0,0.21000000000000002,2230.3575123448877,0.5788485046476518,2251.46619539082,1.9349090884750622,1.4061149770111658,511.0
Volkswagen Beetle Convertible,diesel,Convertible,front wheel drive,1558.0897909500002,2.54,0.53,0.31,2.1,0.0,0.2,2400.4666049268885,0.5981408009620964,2424.283129037635,2.0693632903547274,1.5037347615481618,511.0
Volkswagen Golf,diesel,Hatchback,front wheel drive,1417.92974862,2.63652,0.54,0.3,2.1,0.0,0.21000000000000002,2181.8157977700985,0.578849241846845,2203.2651415724968,1.8990987996876285,1.3793709624270976,465.0
Volkswagen Golf SportWagen,diesel,Wagon,front wheel drive,1472.36083302,2.6289,0.56,0.29,2.2,0.0,0.23000000000000004,2268.036253399641,0.5861983328188012,2288.185542309716,1.9656708639854241,1.428193193309021,465.0
Volkswagen Jetta,diesel,Sedan,front wheel drive,1495.04045152,2.65176,0.55,0.27,2.2,0.0,0.22000000000000003,2300.9532296217963,0.5457703554316524,2322.6354836014693,1.9732218657780014,1.4389168378536892,511.0
Volkswagen Passat,diesel,Sedan,front wheel drive,1586.21251789,2.80416,0.55,0.27,2.2,0.0,0.22000000000000003,2435.196119060441,0.5457684668338799,2459.4325853280016,2.0729745050180584,1.5131438204472172,652.0
